yishuv_id,yishuv_name
0967,אבו ג'ווייעד (שבט)
0967,Abu Juway'ad
0967,abu juway'ad
0967,ABU JUWAY'AD
0472,אבו גוש
0472,Abu Ghosh
0472,abu ghosh
0472,ABU GHOSH
0473,אבו סנאן
0473,Abu Sinan
0473,abu sinan
0473,ABU SINAN
0935,אבו סריחאן (שבט)
0935,Abu Surayhan
0935,abu surayhan
0935,ABU SURAYHAN
0958,אבו עבדון (שבט)
0958,Abu 'Abdun
0958,abu 'abdun
0958,ABU 'ABDUN
1042,אבו עמאר (שבט)
1042,Abu 'Ammar
1042,abu 'ammar
1042,ABU 'AMMAR
0932,אבו עמרה (שבט)
0932,Abu 'Amra
0932,abu 'amra
0932,ABU 'AMRA
1342,אבו קורינאת (יישוב)
1342,Abu Qureinat
1342,abu qureinat
1342,ABU QUREINAT
0968,אבו קורינאת (שבט)
0968,Abu Kuraynat
0968,abu kuraynat
0968,ABU KURAYNAT
0966,אבו רובייעה (שבט)
0966,Abu Rubay'a
0966,abu rubay'a
0966,ABU RUBAY'A
0961,אבו רוקייק (שבט)
0961,Abu Rukayyek
0961,abu rukayyek
0961,ABU RUKAYYEK
1375,אבו תלול
1375,Abu Tulul
1375,abu tulul
1375,ABU TULUL
0652,אבטין
0652,Ibtin
0652,ibtin
0652,IBTIN
1275,אבטליון
1275,Avtalyon
1275,avtalyon
1275,AVTALYON
0679,אביאל
0679,Avi'el
0679,avi'el
0679,AVI'EL
1115,אביבים
1115,Avivim
1115,avivim
1115,AVIVIM
0819,אביגדור
0819,Avigedor
0819,avigedor
0819,AVIGEDOR
0175,אביחיל
0175,Avihayil
0175,avihayil
0175,AVIHAYIL
2052,אביטל
2052,Avital
2052,avital
2052,AVITAL
1070,אביעזר
1070,Avi'ezer
1070,avi'ezer
1070,AVI'EZER
1220,אבירים
1220,Abbirim
1220,abbirim
1220,ABBIRIM
0182,אבן יהודה
0182,Even Yehuda
0182,even yehuda
0182,EVEN YEHUDA
1081,אבן מנחם
1081,Even Menahem
1081,even menahem
1081,EVEN MENAHEM
0783,אבן ספיר
0783,Even Sappir
0783,even sappir
0783,EVEN SAPPIR
0400,אבן שמואל
0400,Even Shemu'el
0400,even shemu'el
0400,EVEN SHEMU'EL
4011,אבני איתן
4011,Avne Etan
4011,avne etan
4011,AVNE ETAN
3793,אבני חפץ
3793,Avne Hefez
3793,avne hefez
3793,AVNE HEFEZ
3786,אבנת
3786,Avenat
3786,avenat
3786,AVENAT
1311,אבשלום
1311,Avshalom
1311,avshalom
1311,AVSHALOM
3759,אדורה
3759,Adora
3759,adora
3759,ADORA
0113,אדירים
0113,Addirim
0113,addirim
0113,ADDIRIM
1068,אדמית
1068,Adamit
1068,adamit
1068,ADAMIT
1123,אדרת
1123,Adderet
1123,adderet
1123,ADDERET
0446,אודים
0446,Udim
0446,udim
0446,UDIM
4010,אודם
4010,Odem
4010,odem
4010,ODEM
1046,אוהד
1046,Ohad
1046,ohad
1046,OHAD
2710,אום אל-פחם
2710,Umm al-Fahm
2710,umm al-fahm
2710,UMM AL-FAHM
2024,אום אל-קוטוף
2024,Umm Al-Qutuf
2024,umm al-qutuf
2024,UMM AL-QUTUF
1358,אום בטין
1358,Umm Batin
1358,umm batin
1358,UMM BATIN
1108,אומן
1108,Omen
1108,omen
1108,OMEN
0680,אומץ
0680,Omez
0680,omez
0680,OMEZ
0031,אופקים
0031,Ofaqim
0031,ofaqim
0031,OFAQIM
1294,אור הגנוז
1294,Or HaGanuz
1294,or haganuz
1294,OR HAGANUZ
0067,אור הנר
0067,Or HaNer
0067,or haner
0067,OR HANER
2400,אור יהודה
2400,Or Yehuda
2400,or yehuda
2400,OR YEHUDA
1020,אור עקיבא
1020,Or Aqiva
1020,or aqiva
1020,OR AQIVA
0780,אורה
0780,Ora
0780,ora
0780,ORA
1771,אורון
1771,NA
2012,אורות
2012,Orot
2012,orot
2012,OROT
4013,אורטל
4013,Ortal
4013,ortal
4013,ORTAL
0403,אורים
0403,Urim
0403,urim
0403,URIM
0882,אורנים
0882,Oranim
0882,oranim
0882,ORANIM
3760,אורנית
3760,Oranit
3760,oranit
3760,ORANIT
0278,אושה
0278,Usha
0278,usha
0278,USHA
0565,אזור
0565,Azor
0565,azor
0565,AZOR
1852,"אזור אילון מ""א 4"
1851,"אזור אילון מ""א 52"
1853,"אזור אילון של""ש"
1922,"אזור אשדוד מ""א 29"
1921,"אזור אשדוד מ""א 33"
1923,"אזור אשדוד של""ש"
1924,"אזור אשקלון מ""א 36"
1926,"אזור אשקלון מ""א 37"
1937,"אזור באר שבע מ""א 41"
1938,"אזור באר שבע מ""א 51"
1939,"אזור באר שבע של""ש"
1933,"אזור בשור מ""א 38"
1935,"אזור בשור מ""א 39"
1934,"אזור בשור מ""א 42"
1907,"אזור גלילות מ""א 19"
1931,"אזור גרר מ""א 39"
1929,"אזור גרר מ""א 41"
1930,"אזור גרר מ""א 42"
1866,"אזור זכרון יעקב מ""א 15"
1867,"אזור זכרון יעקב של""ש"
1873,"אזור חדרה מ""א 14"
1872,"אזור חדרה מ""א 15"
1871,"אזור חדרה מ""א 45"
1874,"אזור חדרה של""ש"
1909,"אזור חולון של""ש"
1860,"אזור חיפה מ""א 12"
1862,"אזור חיפה של""ש"
1813,"אזור חצור מ""א 1"
1814,"אזור חצור מ""א 55"
1815,"אזור חצור של""ש"
1848,"אזור יחיעם מ""א 2"
1846,"אזור יחיעם מ""א 4"
1847,"אזור יחיעם מ""א 52"
1849,"אזור יחיעם מ""א 56"
1850,"אזור יחיעם של""ש"
1942,"אזור ים המלח מ""א 51"
1836,"אזור יקנעם מ""א 13"
1835,"אזור יקנעם מ""א 9"
1805,"אזור כינרות מ""א 3"
1816,"אזור כנרות מ""א 1"
1817,"אזור כנרות מ""א 6"
1818,"אזור כנרות של""ש"
1843,"אזור כרמיאל מ""א 2"
1844,"אזור כרמיאל מ""א 56"
1845,"אזור כרמיאל של""ש"
1919,"אזור לכיש מ""א 34"
1917,"אזור לכיש מ""א 35"
1920,"אזור לכיש מ""א 41"
1918,"אזור לכיש מ""א 50"
1887,"אזור מודיעין מ""א 25"
1890,"אזור מודיעין מ""א 30"
1895,"אזור מודיעין של""ש"
1911,"אזור מלאכי מ""א 33"
1915,"אזור מלאכי מ""א 34"
1913,"אזור מלאכי מ""א 35"
1914,"אזור מלאכי מ""א 50"
1855,"אזור נהרייה מ""א 4"
1856,"אזור נהרייה של""ש"
1858,"אזור עכו מ""א 4"
1857,"אזור עכו מ""א 56"
1859,"אזור עכו של""ש"
1888,"אזור פתח תקווה מ""א 20"
1886,"אזור פתח תקווה מ""א 25"
1889,"אזור פתח תקווה של""ש"
1903,"אזור ראשל""צ מ""א 27"
1904,"אזור ראשל""צ של""ש"
1896,"אזור רחובות מ""א 28"
1899,"אזור רחובות מ""א 29"
1898,"אזור רחובות מ""א 30"
1901,"אזור רחובות מ""א 31"
1897,"אזור רחובות מ""א 32"
1902,"אזור רחובות של""ש"
1892,"אזור רמלה מ""א 25"
1891,"אזור רמלה מ""א 30"
1893,"אזור רמלה מ""א 40"
1894,"אזור רמלה של""ש"
1908,"אזור רמת גן של""ש"
1841,"אזור שפרעם מ""א 56"
1840,"אזור שפרעם מ""א 9"
1842,"אזור שפרעם של""ש"
1905,"אזור תל אביב של""ש"
1724,אזור תעסוקה משגב(תרדיון)
1865,"אזור תעשיה אכסאל מ""א 9"
1726,אזור תעשייה אכזיב (מילואות)
1727,אזור תעשייה נעמן (מילואות)
1157,אחווה
1157,Ahawa
1157,ahawa
1157,AHAWA
0821,אחוזם
0821,Ahuzzam
0821,ahuzzam
0821,AHUZZAM
1330,אחוזת ברק
1330,Ahuzzat Baraq
1330,ahuzzat baraq
1330,AHUZZAT BARAQ
0785,אחיהוד
0785,Ahihud
0785,ahihud
0785,AHIHUD
0850,אחיטוב
0850,Ahituv
0850,ahituv
0850,AHITUV
0804,אחיסמך
0804,Ahisamakh
0804,ahisamakh
0804,AHISAMAKH
0797,אחיעזר
0797,Ahi'ezer
0797,ahi'ezer
0797,AHI'EZER
0965,אטרש (שבט)
0965,Atrash
0965,atrash
0965,ATRASH
0338,איבים
0338,Ibbim
0338,ibbim
0338,IBBIM
0716,אייל
0716,Eyal
0716,eyal
0716,EYAL
0077,איילת השחר
0077,Ayyelet HaShahar
0077,ayyelet hashahar
0077,AYYELET HASHAHAR
0294,אילון
0294,Elon
0294,elon
0294,ELON
1716,אילון תבור*
1126,אילות
1126,Elot
1126,elot
1126,ELOT
0049,אילנייה
0049,Ilaniyya
0049,ilaniyya
0049,ILANIYYA
2600,אילת
2600,Elat
2600,elat
2600,ELAT
1336,אירוס
1336,Irus
1336,irus
1336,IRUS
3762,איתמר
3762,Itamar
3762,itamar
3762,ITAMAR
0037,איתן
0037,Etan
0037,etan
0037,ETAN
0886,איתנים
0886,Etanim
0886,etanim
0886,ETANIM
0478,אכסאל
0478,Iksal
0478,iksal
0478,IKSAL
1339,אל -עזי
1339,Al-Azy
1339,al-azy
1339,AL-AZY
1316,אל -עריאן
1316,Al-Aryan
1316,al-aryan
1316,AL-ARYAN
4003,אל -רום
4003,El-Rom
4003,el-rom
4003,EL-ROM
1359,אל סייד
1359,Al Sayyid
1359,al sayyid
1359,AL SAYYID
1145,אלומה
1145,Alumma
1145,alumma
1145,ALUMMA
0330,אלומות
0330,Alummot
0330,alummot
0330,ALUMMOT
1182,אלון הגליל
1182,Allon HaGalil
1182,allon hagalil
1182,ALLON HAGALIL
3579,אלון מורה
3579,Elon More
3579,elon more
3579,ELON MORE
3604,אלון שבות
3604,Allon Shevut
3604,allon shevut
3604,ALLON SHEVUT
0429,אלוני אבא
0429,Allone Abba
0429,allone abba
0429,ALLONE ABBA
4017,אלוני הבשן
4017,Allone HaBashan
4017,allone habashan
4017,ALLONE HABASHAN
0868,אלוני יצחק
0868,Allone Yizhaq
0868,allone yizhaq
0868,ALLONE YIZHAQ
0285,אלונים
0285,Allonim
0285,allonim
0285,ALLONIM
4002,אלי-עד
4002,Eli-Ad
4002,eli-ad
4002,ELI-AD
1365,אליאב
1365,Eliav
1365,eliav
1365,ELIAV
0041,אליכין
0041,Elyakhin
0041,elyakhin
0041,ELYAKHIN
1248,אליפז
1248,Elifaz
1248,elifaz
1248,ELIFAZ
0730,אליפלט
0730,Elifelet
0730,elifelet
0730,ELIFELET
0682,אליקים
0682,Elyaqim
0682,elyaqim
0682,ELYAQIM
0204,אלישיב
0204,Elyashiv
0204,elyashiv
0204,ELYASHIV
0841,אלישמע
0841,Elishama
0841,elishama
0841,ELISHAMA
1125,אלמגור
1125,Almagor
1125,almagor
1125,ALMAGOR
3556,אלמוג
3556,Almog
3556,almog
3556,ALMOG
1309,אלעד
1309,El'ad
1309,el'ad
1309,EL'AD
3618,אלעזר
3618,El'azar
3618,el'azar
3618,EL'AZAR
3750,אלפי מנשה
3750,Alfe Menashe
3750,alfe menashe
3750,ALFE MENASHE
0603,אלקוש
0603,Elqosh
0603,elqosh
0603,ELQOSH
3560,אלקנה
3560,Elqana
3560,elqana
3560,ELQANA
0772,אמונים
0772,Emunim
0772,emunim
0772,EMUNIM
1064,אמירים
1064,Amirim
1064,amirim
1064,AMIRIM
1253,אמנון
1253,Amnun
1253,amnun
1253,AMNUN
0023,אמציה
0023,Amazya
0023,amazya
0023,AMAZYA
4012,אניעם
4012,Ani'am
4012,ani'am
4012,ANI'AM
0960,אסד (שבט)
0960,Asad
0960,asad
0960,ASAD
3754,אספר
3754,Asfar
3754,asfar
3754,ASFAR
0529,אעבלין
0529,I'billin
0529,i'billin
0529,I'BILLIN
0963,אעצם (שבט)
0963,A'sam
0963,a'sam
0963,A'SAM
0959,אפיניש (שבט)
0959,Afaynish
0959,afaynish
0959,AFAYNISH
4301,אפיק
4301,Afiq
4301,afiq
4301,AFIQ
0176,אפיקים
0176,Afiqim
0176,afiqim
0176,AFIQIM
0313,אפק
0313,Afeq
0313,afeq
0313,AFEQ
3650,אפרת
3650,Efrat
3650,efrat
3650,EFRAT
0701,ארבל
0701,Arbel
0701,arbel
0701,ARBEL
3598,ארגמן
3598,Argaman
3598,argaman
3598,ARGAMAN
0714,ארז
0714,Erez
0714,erez
0714,EREZ
3570,אריאל
3570,Ari'el
3570,ari'el
3570,ARI'EL
1324,ארסוף
1324,Arsuf
1324,arsuf
1324,ARSUF
0071,אשבול
0071,Eshbol
0071,eshbol
0071,ESHBOL
1276,אשבל
1276,Eshbal
1276,eshbal
1276,ESHBAL
0070,אשדוד
0070,Ashdod
0070,ashdod
0070,ASHDOD
0199,אשדות יעקב (איחוד)
0199,Ashdot Ya'aqov(Ihud)
0199,ashdot ya'aqov(ihud)
0199,ASHDOT YA'AQOV(IHUD)
0188,אשדות יעקב (מאוחד)
0188,Ashdot Ya'aqov(Me'uhad)
0188,ashdot ya'aqov(me'uhad)
0188,ASHDOT YA'AQOV(ME'UHAD)
1188,אשחר
1188,Eshhar
1188,eshhar
1188,ESHHAR
3722,אשכולות
3722,Eshkolot
3722,eshkolot
3722,ESHKOLOT
2021,אשל הנשיא
2021,Eshel HaNasi
2021,eshel hanasi
2021,ESHEL HANASI
1152,אשלים
1152,Ashalim
1152,ashalim
1152,ASHALIM
7100,אשקלון
7100,Ashqelon
7100,ashqelon
7100,ASHQELON
1256,אשרת
1256,Asherat
1256,asherat
1256,ASHERAT
0740,אשתאול
0740,Eshta'ol
0740,eshta'ol
0740,ESHTA'OL
6000,באקה אל-גרביה
6000,Baqa Al-Gharbiyye
6000,baqa al-gharbiyye
6000,BAQA AL-GHARBIYYE
0021,באר אורה
0021,Be'er Ora
0021,be'er ora
0021,BE'ER ORA
1376,באר גנים
1376,Be'er Gannim
1376,be'er gannim
1376,BE'ER GANNIM
0155,באר טוביה
0155,Be'er Toviyya
0155,be'er toviyya
0155,BE'ER TOVIYYA
2530,באר יעקב
2530,Be'er Ya'aqov
2530,be'er ya'aqov
2530,BE'ER YA'AQOV
1278,באר מילכה
1278,Be'er Milka
1278,be'er milka
1278,BE'ER MILKA
9000,באר שבע
9000,Be'er Sheva
9000,be'er sheva
9000,BE'ER SHEVA
0450,בארות יצחק
0450,Be'erot Yizhaq
0450,be'erot yizhaq
0450,BE'EROT YIZHAQ
0697,בארותיים
0697,Be'erotayim
0697,be'erotayim
0697,BE'EROTAYIM
0399,בארי
0399,Be'eri
0399,be'eri
0399,BE'ERI
0559,בוסתן הגליל
0559,Bustan HaGalil
0559,bustan hagalil
0559,BUSTAN HAGALIL
0482,בועיינה-נוג'ידאת
0482,Bu'eine-Nujeidat
0482,bu'eine-nujeidat
0482,BU'EINE-NUJEIDAT
4001,בוקעאתא
4001,Buq'ata
4001,buq'ata
4001,BUQ'ATA
0698,בורגתה
0698,Burgeta
0698,burgeta
0698,BURGETA
2043,בחן
2043,Bahan
2043,bahan
2043,BAHAN
0762,בטחה
0762,Bitha
0762,bitha
0762,BITHA
1725,"בי""ס אזורי מקיף (אשר)"
0234,ביצרון
0234,Bizzaron
0234,bizzaron
0234,BIZZARON
0998,ביר אל-מכסור
0998,Bir El-Maksur
0998,bir el-maksur
0998,BIR EL-MAKSUR
1348,ביר הדאג'
1348,Bir Hadage
1348,bir hadage
1348,BIR HADAGE
0368,בירייה
0368,Biriyya
0368,biriyya
0368,BIRIYYA
0317,בית אורן
0317,Bet Oren
0317,bet oren
0317,BET OREN
3574,בית אל
3574,Bet El
3574,bet el
3574,BET EL
0562,בית אלעזרי
0562,Bet El'azari
0562,bet el'azari
0562,BET EL'AZARI
0095,בית אלפא
0095,Bet Alfa
0095,bet alfa
0095,BET ALFA
3652,בית אריה-עופרים
3652,Bet Arye-Ofarim
3652,bet arye-ofarim
3652,BET ARYE-OFARIM
1076,בית ברל
1076,Bet Berl
1076,bet berl
1076,BET BERL
0480,בית ג'ן
0480,Beit Jann
0480,beit jann
0480,BEIT JANN
0619,בית גוברין
0619,Bet Guvrin
0619,bet guvrin
0619,BET GUVRIN
0571,בית גמליאל
0571,Bet Gamli'el
0571,bet gamli'el
0571,BET GAMLI'EL
0466,בית דגן
0466,Bet Dagan
0466,bet dagan
0466,BET DAGAN
0723,בית הגדי
0723,Bet HaGaddi
0723,bet hagaddi
0723,BET HAGADDI
0373,בית הלוי
0373,Bet HaLewi
0373,bet halewi
0373,BET HALEWI
0322,בית הלל
0322,Bet Hillel
0322,bet hillel
0322,BET HILLEL
0572,בית העמק
0572,Bet HaEmeq
0572,bet haemeq
0572,BET HAEMEQ
3645,בית הערבה
3645,Bet HaArava
3645,bet haarava
3645,BET HAARAVA
0242,בית השיטה
0242,Bet HaShitta
0242,bet hashitta
0242,BET HASHITTA
0353,בית זיד
0353,Bet Zeid
0353,bet zeid
0353,BET ZEID
0710,בית זית
0710,Bet Zayit
0710,bet zayit
0710,BET ZAYIT
0143,בית זרע
0143,Bet Zera
0143,bet zera
0143,BET ZERA
1712,בית חולים פוריה
3575,בית חורון
3575,Bet Horon
3575,bet horon
3575,BET HORON
0877,בית חירות
0877,Bet Herut
0877,bet herut
0877,BET HERUT
2033,בית חלקיה
2033,Bet Hilqiyya
2033,bet hilqiyya
2033,BET HILQIYYA
0159,בית חנן
0159,Bet Hanan
0159,bet hanan
0159,BET HANAN
0800,בית חנניה
0800,Bet Hananya
0800,bet hananya
0800,BET HANANYA
1050,בית חשמונאי
1050,Bet Hashmonay
1050,bet hashmonay
1050,BET HASHMONAY
0288,בית יהושע
0288,Bet Yehoshua
0288,bet yehoshua
0288,BET YEHOSHUA
0265,בית יוסף
0265,Bet Yosef
0265,bet yosef
0265,BET YOSEF
0200,בית ינאי
0200,Bet Yannay
0200,bet yannay
0200,BET YANNAY
0326,בית יצחק-שער חפר
0326,Bet Yizhaq-Sh. Hefer
0326,bet yizhaq-sh. hefer
0326,BET YIZHAQ-SH. HEFER
0430,בית לחם הגלילית
0430,Bet Lehem HaGelilit
0430,bet lehem hagelilit
0430,BET LEHEM HAGELILIT
0751,בית מאיר
0751,Bet Me'ir
0751,bet me'ir
0751,BET ME'IR
0784,בית נחמיה
0784,Bet Nehemya
0784,bet nehemya
0784,BET NEHEMYA
0016,בית ניר
0016,Bet Nir
0016,bet nir
0016,BET NIR
0672,בית נקופה
0672,Bet Neqofa
0672,bet neqofa
0672,BET NEQOFA
0202,בית עובד
0202,Bet Oved
0202,bet oved
0202,BET OVED
0301,בית עוזיאל
0301,Bet Uzzi'el
0301,bet uzzi'el
0301,BET UZZI'EL
0756,בית עזרא
0756,Bet Ezra
0756,bet ezra
0756,BET EZRA
0604,בית עריף
0604,Bet Arif
0604,bet arif
0604,BET ARIF
0212,בית צבי
0212,Bet Zevi
0212,bet zevi
0212,BET ZEVI
0598,בית קמה
0598,Bet Qama
0598,bet qama
0598,BET QAMA
0365,בית קשת
0365,Bet Qeshet
0365,bet qeshet
0365,BET QESHET
0848,בית רבן
0848,Bet Rabban
0848,bet rabban
0848,BET RABBAN
1162,בית רימון
1162,Bet Rimmon
1162,bet rimmon
1162,BET RIMMON
9200,בית שאן
9200,Bet She'an
9200,bet she'an
9200,BET SHE'AN
2610,בית שמש
2610,Bet Shemesh
2610,bet shemesh
2610,BET SHEMESH
0248,בית שערים
0248,Bet She'arim
0248,bet she'arim
0248,BET SHE'ARIM
0747,בית שקמה
0747,Bet Shiqma
0747,bet shiqma
0747,BET SHIQMA
0252,ביתן אהרן
0252,Bitan Aharon
0252,bitan aharon
0252,BITAN AHARON
3780,ביתר עילית
3780,Betar Illit
3780,betar illit
3780,BETAR ILLIT
0094,בלפוריה
0094,Balfurya
0094,balfurya
0094,BALFURYA
0760,בן זכאי
0760,Ben Zakkay
0760,ben zakkay
0760,BEN ZAKKAY
0712,בן עמי
0712,Ben Ammi
0712,ben ammi
0712,BEN AMMI
1084,בן שמן (כפר נוער)
1084,Ben Shemen(K.No'ar)
1084,ben shemen(k.no'ar)
1084,BEN SHEMEN(K.NO'AR)
2013,בן שמן (מושב)
2013,Ben Shemen (Moshav)
2013,ben shemen (moshav)
2013,BEN SHEMEN (MOSHAV)
6100,בני ברק
6100,Bene Beraq
6100,bene beraq
6100,BENE BERAQ
1368,בני דקלים
1368,Bne Dkalim
1368,bne dkalim
1368,BNE DKALIM
0592,בני דרום
0592,Bene Darom
0592,bene darom
0592,BENE DAROM
0386,בני דרור
0386,Bene Deror
0386,bene deror
0386,BENE DEROR
4015,בני יהודה
4015,Bene Yehuda
4015,bene yehuda
4015,BENE YEHUDA
1363,בני נצרים
1363,Bne Netsarim
1363,bne netsarim
1363,BNE NETSARIM
0448,בני עטרות
0448,Bene Atarot
0448,bene atarot
0448,BENE ATAROT
1066,"בני עי""ש"
1066,Bene Ayish
1066,bene ayish
1066,BENE AYISH
0418,בני ציון
0418,Bene Ziyyon
0418,bene ziyyon
0418,BENE ZIYYON
0588,בני ראם
0588,Bene Re'em
0588,bene re'em
0588,BENE RE'EM
0685,בניה
0685,Benaya
0685,benaya
0685,BENAYA
9800,בנימינה-גבעת עדה*
9800,Binyamina-Giv'at Ada
9800,binyamina-giv'at ada
9800,BINYAMINA-GIV'AT ADA
1326,"בסמ""ה"
1326,Basma
1326,basma
1326,BASMA
0944,בסמת טבעון
0944,Basmat Tab'un
0944,basmat tab'un
0944,BASMAT TAB'UN
0483,בענה
0483,Bi'ne
0483,bi'ne
0483,BI'NE
0389,בצרה
0389,Bazra
0389,bazra
0389,BAZRA
0589,בצת
0589,Bezet
0589,bezet
0589,BEZET
0864,בקוע
0864,Beqoa
0864,beqoa
0864,BEQOA
3612,בקעות
3612,Beqa'ot
3612,beqa'ot
3612,BEQA'OT
1854,"בקעת נטופה מ""א 56"
1884,"בקעת תירען מ""א 3"
1728,בר-לב
0823,בר גיורא
0823,Bar Giyyora
0823,bar giyyora
0823,BAR GIYYORA
1191,בר יוחאי
1191,Bar Yohay
1191,bar yohay
1191,BAR YOHAY
3744,ברוכין
3744,Brukhin
3744,brukhin
3744,BRUKHIN
0428,ברור חיל
0428,Beror Hayil
0428,beror hayil
0428,BEROR HAYIL
2060,ברוש
2060,Berosh
2060,berosh
2060,BEROSH
3710,ברכה
3710,Berakha
3710,berakha
3710,BERAKHA
0746,ברכיה
0746,Berekhya
0746,berekhya
0746,BEREKHYA
0667,ברעם
0667,Bar'am
0667,bar'am
0667,BAR'AM
0141,ברק
0141,Baraq
0141,baraq
0141,BARAQ
0617,ברקאי
0617,Barqay
0617,barqay
0617,BARQAY
3654,ברקן
3654,Barqan
3654,barqan
3654,BARQAN
2038,ברקת
2038,Bareqet
2038,bareqet
2038,BAREQET
1323,בת הדר
1323,Bat Hadar
1323,bat hadar
1323,BAT HADAR
1361,בת חן
1361,Bat Hen
1361,bat hen
1361,BAT HEN
1319,בת חפר
1319,Bat Hefer
1319,bat hefer
1319,BAT HEFER
6200,בת ים
6200,Bat Yam
6200,bat yam
6200,BAT YAM
3794,בת עין
3794,Bat Ayin
3794,bat ayin
3794,BAT AYIN
0033,בת שלמה
0033,Bat Shelomo
0033,bat shelomo
0033,BAT SHELOMO
1736,בתי זיקוק - קישון
1292,ג'דיידה-מכר
1292,Judeide-Maker
1292,judeide-maker
1292,JUDEIDE-MAKER
0485,ג'ולס
0485,Julis
0485,julis
0485,JULIS
0627,ג'לג'וליה
0627,Jaljulye
0627,jaljulye
0627,JALJULYE
0976,ג'נאביב (שבט)
0976,Janabib
0976,janabib
0976,JANABIB
0541,ג'סר א-זרקא
0541,Jisr Az-Zarqa
0541,jisr az-zarqa
0541,JISR AZ-ZARQA
0487,ג'ש (גוש חלב)
0487,Jish(Gush Halav)
0487,jish(gush halav)
0487,JISH(GUSH HALAV)
0628,ג'ת
0628,Jatt
0628,jatt
0628,JATT
0872,גאולי תימן
0872,Ge'ule Teman
0872,ge'ule teman
0872,GE'ULE TEMAN
0379,גאולים
0379,Ge'ulim
0379,ge'ulim
0379,GE'ULIM
1963,"גאון הירדן מ""א 3"
0853,גאליה
0853,Ge'alya
0853,ge'alya
0853,GE'ALYA
0352,גבולות
0352,Gevulot
0352,gevulot
0352,GEVULOT
0424,גבים
0424,Gevim
0424,gevim
0424,GEVIM
0086,גבע
0086,Geva
0086,geva
0086,GEVA
3763,גבע בנימין
3763,Geva Binyamin
3763,geva binyamin
3763,GEVA BINYAMIN
0683,גבע כרמל
0683,Geva Karmel
0683,geva karmel
0683,GEVA KARMEL
2014,גבעולים
2014,Giv'olim
2014,giv'olim
2014,GIV'OLIM
3644,גבעון החדשה
3644,Giv'on HaHadasha
3644,giv'on hahadasha
3644,GIV'ON HAHADASHA
1344,גבעות בר
1344,Geva'ot Bar
1344,geva'ot bar
1344,GEVA'OT BAR
1293,גבעת אבני
1293,Giv'at Avni
1293,giv'at avni
1293,GIV'AT AVNI
1288,גבעת אלה
1288,Giv'at Ela
1288,giv'at ela
1288,GIV'AT ELA
0147,גבעת ברנר
0147,Giv'at Brenner
0147,giv'at brenner
0147,GIV'AT BRENNER
0870,גבעת השלושה
0870,Giv'at HaShelosha
0870,giv'at hashelosha
0870,GIV'AT HASHELOSHA
3730,גבעת זאב
3730,Giv'at Ze'ev
3730,giv'at ze'ev
3730,GIV'AT ZE'EV
0207,"גבעת ח""ן"
0207,Giv'at Hen
0207,giv'at hen
0207,GIV'AT HEN
1740,גבעת חביבה
2018,גבעת חיים (איחוד)
2018,Giv'at Hayyim (Ihud)
2018,giv'at hayyim (ihud)
2018,GIV'AT HAYYIM (IHUD)
0173,גבעת חיים (מאוחד)
0173,Giv'at Hayyim(Me'uhad)
0173,giv'at hayyim(me'uhad)
0173,GIV'AT HAYYIM(ME'UHAD)
4021,גבעת יואב
4021,Giv'at Yo'av
4021,giv'at yo'av
4021,GIV'AT YO'AV
0787,גבעת יערים
0787,Giv'at Ye'arim
0787,giv'at ye'arim
0787,GIV'AT YE'ARIM
0919,גבעת ישעיהו
0919,Giv'at Yesha'yahu
0919,giv'at yesha'yahu
0919,GIV'AT YESHA'YAHU
0802,"גבעת כ""ח"
0802,Giv'at Koah
0802,giv'at koah
0802,GIV'AT KOAH
0360,"גבעת ניל""י"
0360,Giv'at Nili
0360,giv'at nili
0360,GIV'AT NILI
0703,גבעת עוז
0703,Giv'at Oz
0703,giv'at oz
0703,GIV'AT OZ
0681,גבעת שמואל
0681,Giv'at Shemu'el
0681,giv'at shemu'el
0681,GIV'AT SHEMU'EL
0566,גבעת שמש
0566,Giv'at Shemesh
0566,giv'at shemesh
0566,GIV'AT SHEMESH
1077,גבעת שפירא
1077,Giv'at Shappira
1077,giv'at shappira
1077,GIV'AT SHAPPIRA
0793,גבעתי
0793,Giv'ati
0793,giv'ati
0793,GIV'ATI
6300,גבעתיים
6300,Giv'atayim
6300,giv'atayim
6300,GIV'ATAYIM
0342,גברעם
0342,Gevar'am
0342,gevar'am
0342,GEVAR'AM
0133,גבת
0133,Gevat
0133,gevat
0133,GEVAT
0035,גדות
0035,Gadot
0035,gadot
0035,GADOT
0145,גדיש
0145,Gadish
0145,gadish
0145,GADISH
0442,גדעונה
0442,Gid'ona
0442,gid'ona
0442,GID'ONA
2550,גדרה
2550,Gedera
2550,gedera
2550,GEDERA
1966,"גולן דרומי מ""א 71"
1962,"גולן צפוני מ""א 71"
1964,"גולן תיכון מ""א 71"
0852,גונן
0852,Gonen
0852,gonen
0852,GONEN
0755,גורן
0755,Goren
0755,goren
0755,GOREN
1219,גורנות הגליל
1219,Gornot HaGalil
1219,gornot hagalil
1219,GORNOT HAGALIL
0457,גזית
0457,Gazit
0457,gazit
0457,GAZIT
0370,גזר
0370,Gezer
0370,gezer
0370,GEZER
0706,גיאה
0706,Ge'a
0706,ge'a
0706,GE'A
0196,גיבתון
0196,Gibbeton
0196,gibbeton
0196,GIBBETON
1043,גיזו
1043,Gizo
1043,gizo
1043,GIZO
1204,גילון
1204,Gilon
1204,gilon
1204,GILON
0736,גילת
0736,Gilat
0736,gilat
0736,GILAT
0262,גינוסר
0262,Ginnosar
0262,ginnosar
0262,GINNOSAR
0092,גיניגר
0092,Ginnegar
0092,ginnegar
0092,GINNEGAR
0863,גינתון
0863,Ginnaton
0863,ginnaton
0863,GINNATON
1206,גיתה
1206,Gitta
1206,gitta
1206,GITTA
3613,גיתית
3613,Gittit
3613,gittit
3613,GITTIT
0393,גלאון
0393,Gal'on
0393,gal'on
0393,GAL'ON
3606,גלגל
3606,Gilgal
3606,gilgal
3606,GILGAL
0346,גליל ים
0346,Gelil Yam
0346,gelil yam
0346,GELIL YAM
1809,"גליל עליון מז מ""א 1"
1811,"גליל עליון מז מ""א 2"
1810,"גליל עליון מז מ""א 55"
1812,"גליל עליון מז של""ש"
1820,"גליל תחתון מז מ""א 2"
1819,"גליל תחתון מז מ""א 3"
1821,"גליל תחתון מז מ""א 6"
1822,"גליל תחתון מז של""ש"
0369,גלעד (אבן יצחק)
0369,Gal'ed (Even Yizhaq)
0369,gal'ed (even yizhaq)
0369,GAL'ED (EVEN YIZHAQ)
1997,"גמ""ל מחוז דרום"
0745,גמזו
0745,Gimzo
0745,gimzo
0745,GIMZO
1072,גן הדרום
1072,Gan HaDarom
1072,gan hadarom
1072,GAN HADAROM
0225,גן השומרון
0225,Gan Hashomeron
0225,gan hashomeron
0225,GAN HASHOMERON
0239,גן חיים
0239,Gan Hayyim
0239,gan hayyim
0239,GAN HAYYIM
0734,גן יאשיה
0734,Gan Yoshiyya
0734,gan yoshiyya
0734,GAN YOSHIYYA
0166,גן יבנה
0166,Gan Yavne
0166,gan yavne
0166,GAN YAVNE
1274,גן נר
1274,Gan Ner
1274,gan ner
1274,GAN NER
0311,גן שורק
0311,Gan Soreq
0311,gan soreq
0311,GAN SOREQ
0144,גן שלמה
0144,Gan Shelomo
0144,gan shelomo
0144,GAN SHELOMO
0072,גן שמואל
0072,Gan Shemu'el
0072,gan shemu'el
0072,GAN SHEMU'EL
0836,גנות
0836,Gannot
0836,gannot
0836,GANNOT
0549,גנות הדר
0549,Gannot Hadar
0549,gannot hadar
0549,GANNOT HADAR
1103,גני הדר
1103,Ganne Hadar
1103,ganne hadar
1103,GANNE HADAR
1371,גני טל
1371,Ganne Tal
1371,ganne tal
1371,GANNE TAL
0862,גני יוחנן
0862,Ganne Yohanan
0862,ganne yohanan
0862,GANNE YOHANAN
3823,גני מודיעין
3823,Ganne Modi'in
3823,ganne modi'in
3823,GANNE MODI'IN
0218,גני עם
0218,Ganne Am
0218,ganne am
0218,GANNE AM
0229,גני תקווה
0229,Ganne Tiqwa
0229,ganne tiqwa
0229,GANNE TIQWA
0842,געש
0842,Ga'ash
0842,ga'ash
0842,GA'ASH
0463,געתון
0463,Ga'ton
0463,ga'ton
0463,GA'TON
0039,גפן
0039,Gefen
0039,gefen
0039,GEFEN
1129,גרופית
1129,Gerofit
1129,gerofit
1129,GEROFIT
4022,גשור
4022,Geshur
4022,geshur
4022,GESHUR
0305,גשר
0305,Gesher
0305,gesher
0305,GESHER
0574,גשר הזיו
0574,Gesher HaZiw
0574,gesher haziw
0574,GESHER HAZIW
0340,גת (קיבוץ)
0340,Gat(Qibbuz)
0340,gat(qibbuz)
0340,GAT(QIBBUZ)
0128,גת רימון
0128,Gat Rimmon
0128,gat rimmon
0128,GAT RIMMON
0494,דאלית אל-כרמל
0494,Daliyat Al-Karmel
0494,daliyat al-karmel
0494,DALIYAT AL-KARMEL
0146,דבורה
0146,Devora
0146,devora
0146,DEVORA
0489,דבורייה
0489,Daburiyya
0489,daburiyya
0489,DABURIYYA
0849,דבירה
0849,Devira
0849,devira
0849,DEVIRA
0407,דברת
0407,Daverat
0407,daverat
0407,DAVERAT
0062,דגניה א'
0062,Deganya Alef
0062,deganya alef
0062,DEGANYA ALEF
0079,דגניה ב'
0079,Deganya Bet
0079,deganya bet
0079,DEGANYA BET
1067,"דוב""ב"
1067,Dovev
1067,dovev
1067,DOVEV
3747,דולב
3747,Dolev
3747,dolev
3747,DOLEV
0738,דור
0738,Dor
0738,dor
0738,DOR
0336,דורות
0336,Dorot
0336,dorot
0336,DOROT
0475,דחי
0475,Dahi
0475,dahi
0475,DAHI
0490,דייר אל-אסד
0490,Deir Al-Asad
0490,deir al-asad
0490,DEIR AL-ASAD
0492,דייר חנא
0492,Deir Hanna
0492,deir hanna
0492,DEIR HANNA
0493,דייר ראפאת
0493,Deir Rafat
0493,deir rafat
0493,DEIR RAFAT
2200,דימונה
2200,Dimona
2200,dimona
2200,DIMONA
2063,דישון
2063,Dishon
2063,dishon
2063,DISHON
0300,דלייה
0300,Daliyya
0300,daliyya
0300,DALIYYA
0431,דלתון
0431,Dalton
0431,dalton
0431,DALTON
1317,דמיידה
1317,Demeide
1317,demeide
1317,DEMEIDE
0303,דן
0303,Dan
0303,dan
0303,DAN
0302,דפנה
0302,Dafna
0302,dafna
0302,DAFNA
1241,דקל
1241,Deqel
1241,deqel
1241,DEQEL
1881,"דרום השרון מ""א 18"
1882,"דרום השרון מ""א 20"
1885,"דרום השרון של""ש"
1998,דרום יהודה
1349,דריג'את
1349,Derig'at
1349,derig'at
1349,DERIG'AT
0702,האון
0702,HaOn
0702,haon
0702,HAON
0675,הבונים
0675,HaBonim
0675,habonim
0675,HABONIM
0356,הגושרים
0356,HaGosherim
0356,hagosherim
0356,HAGOSHERIM
0191,הדר עם
0191,Hadar Am
0191,hadar am
0191,HADAR AM
9700,הוד השרון
9700,Hod HaSharon
9700,hod hasharon
9700,HOD HASHARON
1322,הודיות
1322,Hodayot
1322,hodayot
1322,HODAYOT
0726,הודייה
0726,Hodiyya
0726,hodiyya
0726,HODIYYA
1169,הוואשלה (שבט)
1169,Al-Hawashila
1169,al-hawashila
1169,AL-HAWASHILA
0956,הוזייל (שבט)
0956,Al-Huzayyil
0956,al-huzayyil
0956,AL-HUZAYYIL
1186,הושעיה
1186,Hosha'aya
1186,hosha'aya
1186,HOSHA'AYA
0250,הזורע
0250,HaZorea
0250,hazorea
0250,HAZOREA
0307,הזורעים
0307,HaZore'im
0307,hazore'im
0307,HAZORE'IM
0434,החותרים
0434,HaHoterim
0434,hahoterim
0434,HAHOTERIM
0684,היוגב
0684,HaYogev
0684,hayogev
0684,HAYOGEV
1208,הילה
1208,Hilla
1208,hilla
1208,HILLA
0377,המעפיל
0377,HaMa'pil
0377,hama'pil
0377,HAMA'PIL
1751,המרכז למחקר-נחל שורק
0677,הסוללים
0677,HaSolelim
0677,hasolelim
0677,HASOLELIM
0423,העוגן
0423,HaOgen
0423,haogen
0423,HAOGEN
1944,"הערבה מ""א 51"
1945,"הערבה מ""א 53"
1946,"הערבה מ""א 54"
3769,הר אדר
3769,Har Adar
3769,har adar
3769,HAR ADAR
1869,"הר אלכסנדר מ""א 14"
1868,"הר אלכסנדר מ""א 45"
1870,"הר אלכסנדר של""ש"
3603,הר גילה
3603,Har Gillo
3603,har gillo
3603,HAR GILLO
1953,"הר הנגב הדרומי מ""א 48"
1951,"הר הנגב הדרומי מ""א 53"
1952,"הר הנגב הדרומי מ""א 54"
1948,"הר הנגב הצפוני מ""א 48"
1949,"הר הנגב הצפוני מ""א 51"
1947,"הר הנגב הצפוני מ""א 53"
1950,"הר הנגב הצפוני מ""א 54"
1261,הר עמשא
1261,Har Amasa
1261,har amasa
1261,HAR AMASA
0464,הראל
0464,Har'el
0464,har'el
0464,HAR'EL
1249,הרדוף
1249,Harduf
1249,harduf
1249,HARDUF
1801,"הרי יהודה מ""א 26"
1802,"הרי יהודה של""ש"
1823,הרי נצרת-תירען
1839,"הרי נצרת-תירען מ""א 9"
6400,הרצלייה
6400,Herzliyya
6400,herzliyya
6400,HERZLIYYA
1203,הררית
1203,Hararit
1203,hararit
1203,HARARIT
1999,השומרון
3639,ורד יריחו
3639,Wered Yeriho
3639,wered yeriho
3639,WERED YERIHO
1133,ורדון
1133,Wardon
1133,wardon
1133,WARDON
2742,זבארגה (שבט)
2742,Az-Zabarika
2742,az-zabarika
2742,AZ-ZABARIKA
0815,זבדיאל
0815,Zavdi'el
0815,zavdi'el
0815,ZAVDI'EL
0044,זוהר
0044,Zohar
0044,zohar
0044,ZOHAR
0584,זיקים
0584,Ziqim
0584,ziqim
0584,ZIQIM
0788,זיתן
0788,Zetan
0788,zetan
0788,ZETAN
9300,זכרון יעקב
9300,Zikhron Ya'aqov
9300,zikhron ya'aqov
9300,ZIKHRON YA'AQOV
0799,זכריה
0799,Zekharya
0799,zekharya
0799,ZEKHARYA
1290,זמר
1290,Zemer
1290,zemer
1290,ZEMER
1065,זמרת
1065,Zimrat
1065,zimrat
1065,ZIMRAT
0816,זנוח
0816,Zanoah
0816,zanoah
0816,ZANOAH
2064,זרועה
2064,Zeru'a
2064,zeru'a
2064,ZERU'A
0975,זרזיר
0975,Zarzir
0975,zarzir
0975,ZARZIR
0818,זרחיה
0818,Zerahya
0818,zerahya
0818,ZERAHYA
1321,ח'ואלד
1321,Khawaled
1321,khawaled
1321,KHAWALED
0986,ח'ואלד (שבט)
0986,Khawalid / Al-Khawalid
0986,khawalid / al-khawalid
0986,KHAWALID / AL-KHAWALID
0235,חבצלת השרון
0235,Havazzelet HaSharon
0235,havazzelet hasharon
0235,HAVAZZELET HASHARON
1110,חבר
1110,Hever
1110,hever
1110,HEVER
0717,חגור
0717,Hagor
0717,hagor
0717,HAGOR
3764,חגי
3764,Haggay
3764,haggay
3764,HAGGAY
0205,חגלה
0205,Hogla
0205,hogla
0205,HOGLA
4026,חד-נס
4026,Had-Nes
4026,had-nes
4026,HAD-NES
0618,חדיד
0618,Hadid
0618,hadid
0618,HADID
6500,חדרה
6500,Hadera
6500,hadera
6500,HADERA
0948,חוג'ייראת (ד'הרה) (שבט)
0948,Al-Hujayrat (Zahra)
0948,al-hujayrat (zahra)
0948,AL-HUJAYRAT (ZAHRA)
0160,חולדה
0160,Hulda
0160,hulda
0160,HULDA
6600,חולון
6600,Holon
6600,holon
6600,HOLON
1239,חולית
1239,Holit
1239,holit
1239,HOLIT
0253,חולתה
0253,Hulata
0253,hulata
0253,HULATA
0662,חוסן
0662,Hosen
0662,hosen
0662,HOSEN
1332,חוסנייה
1332,Hussniyya
1332,hussniyya
1332,HUSSNIYYA
1864,"חוף הכרמל מ""א 15"
0115,חופית
0115,Hofit
0115,hofit
0115,HOFIT
0374,חוקוק
0374,Huqoq
0374,huqoq
0374,HUQOQ
1303,חורה
1303,Hura
1303,hura
1303,HURA
0496,חורפיש
0496,Hurfeish
0496,hurfeish
0496,HURFEISH
0355,חורשים
0355,Horeshim
0355,horeshim
0355,HORESHIM
1047,חזון
1047,Hazon
1047,hazon
1047,HAZON
0219,חיבת ציון
0219,Hibbat Ziyyon
0219,hibbat ziyyon
0219,HIBBAT ZIYYON
3643,חיננית
3643,Hinnanit
3643,hinnanit
3643,HINNANIT
4000,חיפה
4000,Haifa
4000,haifa
4000,HAIFA
0162,חירות
0162,Herut
0162,herut
0162,HERUT
1272,חלוץ
1272,Haluz
1272,haluz
1272,HALUZ
0820,חלץ
0820,Helez
0820,helez
0820,HELEZ
0801,"חמ""ד"
0801,Hemed
0801,hemed
0801,HEMED
0993,חמאם
0993,Hamam
0993,hamam
0993,HAMAM
0343,חמדיה
0343,Hamadya
0343,hamadya
0343,HAMADYA
3646,חמדת
3646,Hemdat
3646,hemdat
3646,HEMDAT
3609,חמרה
3609,Hamra
3609,hamra
3609,HAMRA
0807,חניאל
0807,Hanni'el
0807,hanni'el
0807,HANNI'EL
0280,חניתה
0280,Hanita
0280,hanita
0280,HANITA
1257,חנתון
1257,Hannaton
1257,hannaton
1257,HANNATON
4005,חספין
4005,Haspin
4005,haspin
4005,HASPIN
0363,חפץ חיים
0363,Hafez Hayyim
0363,hafez hayyim
0363,HAFEZ HAYYIM
0090,חפצי-בה
0090,Hefzi-Bah
0090,hefzi-bah
0090,HEFZI-BAH
0700,חצב
0700,Hazav
0700,hazav
0700,HAZAV
0013,חצבה
0013,Hazeva
0013,hazeva
0013,HAZEVA
0406,חצור-אשדוד
0406,Hazor-Ashdod
0406,hazor-ashdod
0406,HAZOR-ASHDOD
2034,חצור הגלילית
2034,Hazor HaGelilit
2034,hazor hagelilit
2034,HAZOR HAGELILIT
0397,חצרים
0397,Hazerim
0397,hazerim
0397,HAZERIM
0422,חרב לאת
0422,Herev Le'Et
0422,herev le'et
0422,HEREV LE'ET
1024,חרוצים
1024,Haruzim
1024,haruzim
1024,HARUZIM
1247,חריש
1247,Harish
1247,harish
1247,HARISH
1960,"חרמון מ""א 71"
3717,חרמש
3717,Hermesh
3717,hermesh
3717,HERMESH
1209,חרשים
1209,Harashim
1209,harashim
1209,HARASHIM
3770,חשמונאים
3770,Hashmona'im
3770,hashmona'im
3770,HASHMONA'IM
6700,טבריה
6700,Tiberias
6700,tiberias
6700,TIBERIAS
0962,טובא-זנגרייה
0962,Tuba-Zangariyye
0962,tuba-zangariyye
0962,TUBA-ZANGARIYYE
0498,טורעאן
0498,Tur'an
0498,tur'an
0498,TUR'AN
2730,טייבה
2730,Tayibe
2730,tayibe
2730,TAYIBE
0497,טייבה (בעמק)
0497,Tayibe(Baemeq)
0497,tayibe(baemeq)
0497,TAYIBE(BAEMEQ)
2720,טירה
2720,Tire
2720,tire
2720,TIRE
0663,טירת יהודה
0663,Tirat Yehuda
0663,tirat yehuda
0663,TIRAT YEHUDA
2100,טירת כרמל
2100,Tirat Karmel
2100,tirat karmel
2100,TIRAT KARMEL
0268,טירת צבי
0268,Tirat Zevi
0268,tirat zevi
0268,TIRAT ZEVI
1181,טל-אל
1181,Tal-El
1181,tal-el
1181,TAL-EL
0462,טל שחר
0462,Tal Shahar
0462,tal shahar
0462,TAL SHAHAR
1177,טללים
1177,Telalim
1177,telalim
1177,TELALIM
3788,טלמון
3788,Talmon
3788,talmon
3788,TALMON
8900,טמרה
8900,Tamra
8900,tamra
8900,TAMRA
0547,טמרה (יזרעאל)
0547,Tamra (Yizre'el)
0547,tamra (yizre'el)
0547,TAMRA (YIZRE'EL)
3743,טנא
3743,Tene
3743,tene
3743,TENE
1214,טפחות
1214,Tefahot
1214,tefahot
1214,TEFAHOT
1295,יאנוח-ג'ת
1295,Yanuh-Jat
1295,yanuh-jat
1295,YANUH-JAT
1232,יבול
1232,Yevul
1232,yevul
1232,YEVUL
0046,יבנאל
0046,Yavne'el
0046,yavne'el
0046,YAVNE'EL
2660,יבנה
2660,Yavne
2660,yavne
2660,YAVNE
0096,יגור
0096,Yagur
0096,yagur
0096,YAGUR
0798,יגל
0798,Yagel
0798,yagel
0798,YAGEL
0577,יד בנימין
0577,Yad Binyamin
0577,yad binyamin
0577,YAD BINYAMIN
1134,יד השמונה
1134,Yad HaShemona
1134,yad hashemona
1134,YAD HASHEMONA
0758,יד חנה
0758,Yad Hanna
0758,yad hanna
0758,YAD HANNA
0358,יד מרדכי
0358,Yad Mordekhay
0358,yad mordekhay
0358,YAD MORDEKHAY
0775,יד נתן
0775,Yad Natan
0775,yad natan
0775,YAD NATAN
0064,"יד רמב""ם"
0064,Yad Rambam
0064,yad rambam
0064,YAD RAMBAM
1144,ידידה
1144,Yedida
1144,yedida
1144,YEDIDA
9400,יהוד-מונוסון
9400,Yehud-Monoson
9400,yehud-monoson
9400,YEHUD-MONOSON
1158,יהל
1158,Yahel
1158,yahel
1158,YAHEL
2009,יובל
2009,Yuval
2009,yuval
2009,YUVAL
1226,יובלים
1226,Yuvallim
1226,yuvallim
1226,YUVALLIM
1112,יודפת
1112,Yodefat
1112,yodefat
1112,YODEFAT
4007,יונתן
4007,Yonatan
4007,yonatan
4007,YONATAN
0803,יושיביה
0803,Yoshivya
0803,yoshivya
0803,YOSHIVYA
0452,יזרעאל
0452,Yizre'el
0452,yizre'el
0452,YIZRE'EL
0409,יחיעם
0409,Yehi'am
0409,yehi'am
0409,YEHI'AM
0866,יטבתה
0866,Yotvata
0866,yotvata
0866,YOTVATA
3607,"ייט""ב"
3607,Yitav
3607,yitav
3607,YITAV
0811,יכיני
0811,Yakhini
0811,yakhini
0811,YAKHINI
1772,ים המלח - בתי מלון
0753,ינוב
0753,Yanuv
0753,yanuv
0753,YANUV
2011,ינון
2011,Yinnon
2011,yinnon
2011,YINNON
0029,יסוד המעלה
0029,Yesud HaMa'ala
0029,yesud hama'ala
0029,YESUD HAMA'ALA
0440,יסודות
0440,Yesodot
0440,yesodot
0440,YESODOT
0575,יסעור
0575,Yas'ur
0575,yas'ur
0575,YAS'UR
1138,יעד
1138,Ya'ad
1138,ya'ad
1138,YA'AD
1117,יעל
1117,Ya'el
1117,ya'el
1117,YA'EL
1044,יעף
1044,Ye'af
1044,ye'af
1044,YE'AF
0795,יערה
0795,Ya'ara
0795,ya'ara
0795,YA'ARA
1863,"יערות גבעת המורה מ""א 9"
0499,יפיע
0499,Yafi
0499,yafi
0499,YAFI
3566,יפית
3566,Yafit
3566,yafit
3566,YAFIT
0134,יפעת
0134,Yif'at
0134,yif'at
0134,YIF'AT
0453,יפתח
0453,Yiftah
0453,yiftah
0453,YIFTAH
3749,יצהר
3749,Yizhar
3749,yizhar
3749,YIZHAR
0759,יציץ
0759,Yaziz
0759,yaziz
0759,YAZIZ
0417,יקום
0417,Yaqum
0417,yaqum
0417,YAQUM
3647,יקיר
3647,Yaqir
3647,yaqir
3647,YAQIR
0241,יקנעם (מושבה)
0241,Yoqne'am(Moshava)
0241,yoqne'am(moshava)
0241,YOQNE'AM(MOSHAVA)
0240,יקנעם עילית
0240,Yoqne'am Illit
0240,yoqne'am illit
0240,YOQNE'AM ILLIT
0623,יראון
0623,Yir'on
0623,yir'on
0623,YIR'ON
2026,ירדנה
2026,Yardena
2026,yardena
2026,YARDENA
0831,ירוחם
0831,Yeroham
0831,yeroham
0831,YEROHAM
3000,ירושלים
3000,Jerusalem
3000,jerusalem
3000,JERUSALEM
0718,ירחיב
0718,Yarhiv
0718,yarhiv
0718,YARHIV
0502,ירכא
0502,Yirka
0502,yirka
0502,YIRKA
0183,ירקונה
0183,Yarqona
0183,yarqona
0183,YARQONA
0916,ישע
0916,Yesha
0916,yesha
0916,YESHA
0805,ישעי
0805,Yish'i
0805,yish'i
0805,YISH'I
0828,ישרש
0828,Yashresh
0828,yashresh
0828,YASHRESH
1227,יתד
1227,Yated
1227,yated
1227,YATED
0504,כאבול
0504,Kabul
0504,kabul
0504,KABUL
0505,כאוכב אבו אל-היג'א
0505,Kaokab Abu Al-Hija
0505,kaokab abu al-hija
0505,KAOKAB ABU AL-HIJA
0576,כברי
0576,Kabri
0576,kabri
0576,KABRI
0371,כדורי
0371,Kadoorie
0371,kadoorie
0371,KADOORIE
1338,כדיתה
1338,Kaddita
1338,kaddita
1338,KADDITA
3564,כוכב השחר
3564,Kokhav HaShahar
3564,kokhav hashahar
3564,KOKHAV HASHAHAR
1224,כוכב יאיר
1224,Kokhav Ya'ir
1224,kokhav ya'ir
1224,KOKHAV YA'IR
3779,כוכב יעקב
3779,Kokhav Ya'aqov
3779,kokhav ya'aqov
3779,KOKHAV YA'AQOV
0824,כוכב מיכאל
0824,Kokhav Mikha'el
0824,kokhav mikha'el
0824,KOKHAV MIKHA'EL
1252,כורזים
1252,Korazim
1252,korazim
1252,KORAZIM
1210,כחל
1210,Kahal
1210,kahal
1210,KAHAL
1367,כחלה
1367,Kochlea
1367,kochlea
1367,KOCHLEA
0840,כיסופים
0840,Kissufim
0840,kissufim
0840,KISSUFIM
1153,כישור
1153,Kishor
1153,kishor
1153,KISHOR
1183,כליל
1183,Kelil
1183,kelil
1183,KELIL
1229,כלנית
1229,Kallanit
1229,kallanit
1229,KALLANIT
1331,כמאנה
1331,Kamane
1331,kamane
1331,KAMANE
1291,כמהין
1291,Kemehin
1291,kemehin
1291,KEMEHIN
1201,כמון
1201,Kammon
1201,kammon
1201,KAMMON
2006,כנות
2006,Kannot
2006,kannot
2006,KANNOT
4028,כנף
4028,Kanaf
4028,kanaf
4028,KANAF
0063,כנרת (מושבה)
0063,Kinneret(Moshava)
0063,kinneret(moshava)
0063,KINNERET(MOSHAVA)
0057,כנרת (קבוצה)
0057,Kinneret(Qevuza)
0057,kinneret(qevuza)
0057,KINNERET(QEVUZA)
1059,כסיפה
1059,Kuseife
1059,kuseife
1059,KUSEIFE
0859,כסלון
0859,Kesalon
0859,kesalon
0859,KESALON
1296,כסרא-סמיע
1296,Kisra-Sumei
1296,kisra-sumei
1296,KISRA-SUMEI
0978,כעביה-טבאש-חג'אג'רה
0978,Ka'abiyye-Tabbash-Hajajre
0978,ka'abiyye-tabbash-hajajre
0978,KA'ABIYYE-TABBASH-HAJAJRE
0857,כפר אביב
0857,Kefar Aviv
0857,kefar aviv
0857,KEFAR AVIV
3638,כפר אדומים
3638,Kefar Adummim
3638,kefar adummim
3638,KEFAR ADUMMIM
0364,כפר אוריה
0364,Kefar Uriyya
0364,kefar uriyya
0364,KEFAR URIYYA
0690,כפר אחים
0690,Kefar Ahim
0690,kefar ahim
0690,KEFAR AHIM
0220,כפר ביאליק
0220,Kefar Bialik
0220,kefar bialik
0220,KEFAR BIALIK
0177,"כפר ביל""ו"
0177,Kefar Bilu
0177,kefar bilu
0177,KEFAR BILU
0357,כפר בלום
0357,Kefar Blum
0357,kefar blum
0357,KEFAR BLUM
2010,כפר בן נון
2010,Kefar Bin Nun
2010,kefar bin nun
2010,KEFAR BIN NUN
0633,כפר ברא
0633,Kafar Bara
0633,kafar bara
0633,KAFAR BARA
0132,כפר ברוך
0132,Kefar Barukh
0132,kefar barukh
0132,KEFAR BARUKH
0106,כפר גדעון
0106,Kefar Gid'on
0106,kefar gid'on
0106,KEFAR GID'ON
0427,כפר גלים
0427,Kefar Gallim
0427,kefar gallim
0427,KEFAR GALLIM
0310,כפר גליקסון
0310,Kefar Glikson
0310,kefar glikson
0310,KEFAR GLIKSON
0076,כפר גלעדי
0076,Kefar Gil'adi
0076,kefar gil'adi
0076,KEFAR GIL'ADI
0707,כפר דניאל
0707,Kefar Daniyyel
0707,kefar daniyyel
0707,KEFAR DANIYYEL
3796,כפר האורנים
3796,Kefar HaOranim
3796,kefar haoranim
3796,KEFAR HAORANIM
0192,כפר החורש
0192,Kefar HaHoresh
0192,kefar hahoresh
0192,KEFAR HAHORESH
0254,כפר המכבי
0254,Kefar HaMakkabbi
0254,kefar hamakkabbi
0254,KEFAR HAMAKKABBI
0582,כפר הנגיד
0582,Kefar HaNagid
0582,kefar hanagid
0582,KEFAR HANAGID
0890,כפר הנוער הדתי
0890,Kefar HaNo'ar Hadati
0890,kefar hano'ar hadati
0890,KEFAR HANO'AR HADATI
0443,כפר הנשיא
0443,Kefar HaNasi
0443,kefar hanasi
0443,KEFAR HANASI
0187,כפר הס
0187,Kefar Hess
0187,kefar hess
0187,KEFAR HESS
0217,"כפר הרא""ה"
0217,Kefar HaRo'e
0217,kefar haro'e
0217,KEFAR HARO'E
0888,"כפר הרי""ף"
0888,Kefar Harif
0888,kefar harif
0888,KEFAR HARIF
0190,כפר ויתקין
0190,Kefar Vitkin
0190,kefar vitkin
0190,KEFAR VITKIN
0320,כפר ורבורג
0320,Kefar Warburg
0320,kefar warburg
0320,KEFAR WARBURG
1263,כפר ורדים
1263,Kefar Weradim
1263,kefar weradim
1263,KEFAR WERADIM
1325,כפר זוהרים
1325,Kefar Zoharim
1325,kefar zoharim
1325,KEFAR ZOHARIM
0786,כפר זיתים
0786,Kefar Zetim
0786,kefar zetim
0786,KEFAR ZETIM
0696,"כפר חב""ד"
0696,Kefar Habad
0696,kefar habad
0696,KEFAR HABAD
0609,כפר חושן
0609,Kefar Hoshen
0609,kefar hoshen
0609,KEFAR HOSHEN
0255,כפר חיטים
0255,Kefar Hittim
0255,kefar hittim
0255,KEFAR HITTIM
0193,כפר חיים
0193,Kefar Hayyim
0193,kefar hayyim
0193,KEFAR HAYYIM
1297,כפר חנניה
1297,Kefar Hananya
1297,kefar hananya
1297,KEFAR HANANYA
0112,כפר חסידים א'
0112,Kefar Hasidim Alef
0112,kefar hasidim alef
0112,KEFAR HASIDIM ALEF
0889,כפר חסידים ב'
0889,Kefar Hasidim Bet
0889,kefar hasidim bet
0889,KEFAR HASIDIM BET
4004,כפר חרוב
4004,Kefar Haruv
4004,kefar haruv
4004,KEFAR HARUV
0673,כפר טרומן
0673,Kefar Truman
0673,kefar truman
0673,KEFAR TRUMAN
0507,כפר יאסיף
0507,Kafar Yasif
0507,kafar yasif
0507,KAFAR YASIF
0233,כפר ידידיה
0233,Kefar Yedidya
0233,kefar yedidya
0233,KEFAR YEDIDYA
0140,כפר יהושע
0140,Kefar Yehoshua
0140,kefar yehoshua
0140,KEFAR YEHOSHUA
0168,כפר יונה
0168,Kefar Yona
0168,kefar yona
0168,KEFAR YONA
0085,כפר יחזקאל
0085,Kefar Yehezqel
0085,kefar yehezqel
0085,KEFAR YEHEZQEL
0170,כפר יעבץ
0170,Kefar Ya'bez
0170,kefar ya'bez
0170,KEFAR YA'BEZ
0508,כפר כמא
0508,Kafar Kama
0508,kafar kama
0508,KAFAR KAMA
0509,כפר כנא
0509,Kafar Kanna
0509,kafar kanna
0509,KAFAR KANNA
0387,כפר מונש
0387,Kefar Monash
0387,kefar monash
0387,KEFAR MONASH
1095,כפר מימון
1095,Kefar Maymon
1095,kefar maymon
1095,KEFAR MAYMON
0098,"כפר מל""ל"
0098,Kefar Malal
0098,kefar malal
0098,KEFAR MALAL
0510,כפר מנדא
0510,Kafar Manda
0510,kafar manda
0510,KAFAR MANDA
0274,כפר מנחם
0274,Kefar Menahem
0274,kefar menahem
0274,KEFAR MENAHEM
0297,כפר מסריק
0297,Kefar Masaryk
0297,kefar masaryk
0297,KEFAR MASARYK
0512,כפר מצר
0512,Kafar Misr
0512,kafar misr
0512,KAFAR MISR
0764,כפר מרדכי
0764,Kefar Mordekhay
0764,kefar mordekhay
0764,KEFAR MORDEKHAY
0316,כפר נטר
0316,Kefar Netter
0316,kefar netter
0316,KEFAR NETTER
0345,כפר סאלד
0345,Kefar Szold
0345,kefar szold
0345,KEFAR SZOLD
6900,כפר סבא
6900,Kefar Sava
6900,kefar sava
6900,KEFAR SAVA
0107,כפר סילבר
0107,Kefar Silver
0107,kefar silver
0107,KEFAR SILVER
0249,כפר סירקין
0249,Kefar Sirkin
0249,kefar sirkin
0249,KEFAR SIRKIN
0875,כפר עבודה
0875,Kefar Avoda
0875,kefar avoda
0875,KEFAR AVODA
0845,כפר עזה
0845,Kefar Azza
0845,kefar azza
0845,KEFAR AZZA
3488,כפר עציון
3488,Kefar Ezyon
3488,kefar ezyon
3488,KEFAR EZYON
0189,כפר פינס
0189,Kefar Pines
0189,kefar pines
0189,KEFAR PINES
0634,כפר קאסם
0634,Kafar Qasem
0634,kafar qasem
0634,KAFAR QASEM
0388,כפר קיש
0388,Kefar Kisch
0388,kefar kisch
0388,KEFAR KISCH
0654,כפר קרע
0654,Kafar Qara
0654,kafar qara
0654,KAFAR QARA
0579,כפר ראש הנקרה
0579,Kefar Rosh HaNiqra
0579,kefar rosh haniqra
0579,KEFAR ROSH HANIQRA
1130,כפר רוזנואלד (זרעית)
1130,Kefar Rozenwald(Zarit)
1130,kefar rozenwald(zarit)
1130,KEFAR ROZENWALD(ZARIT)
0295,כפר רופין
0295,Kefar Ruppin
0295,kefar ruppin
0295,KEFAR RUPPIN
1166,כפר רות
1166,Kefar Rut
1166,kefar rut
1166,KEFAR RUT
0605,כפר שמאי
0605,Kefar Shammay
0605,kefar shammay
0605,KEFAR SHAMMAY
0743,כפר שמואל
0743,Kefar Shemu'el
0743,kefar shemu'el
0743,KEFAR SHEMU'EL
0267,כפר שמריהו
0267,Kefar Shemaryahu
0267,kefar shemaryahu
0267,KEFAR SHEMARYAHU
0047,כפר תבור
0047,Kefar Tavor
0047,kefar tavor
0047,KEFAR TAVOR
3572,כפר תפוח
3572,Kefar Tappuah
3572,kefar tappuah
3572,KEFAR TAPPUAH
1285,כרכום
1285,Karkom
1285,karkom
1285,KARKOM
0664,כרם בן זמרה
0664,Kerem Ben Zimra
0664,kerem ben zimra
0664,KEREM BEN ZIMRA
0088,כרם בן שמן
0088,Kerem Ben Shemen
0088,kerem ben shemen
0088,KEREM BEN SHEMEN
1094,כרם יבנה (ישיבה)
1094,Kerem Yavne(Yeshiva)
1094,kerem yavne(yeshiva)
1094,KEREM YAVNE(YESHIVA)
0580,"כרם מהר""ל"
0580,Kerem Maharal
0580,kerem maharal
0580,KEREM MAHARAL
1085,כרם שלום
1085,Kerem Shalom
1085,kerem shalom
1085,KEREM SHALOM
1264,כרמי יוסף
1264,Karme Yosef
1264,karme yosef
1264,KARME YOSEF
3766,כרמי צור
3766,Karme Zur
3766,karme zur
3766,KARME ZUR
1374,כרמי קטיף
1374,Karme Katif
1374,karme katif
1374,KARME KATIF
1139,כרמיאל
1139,Karmi'el
1139,karmi'el
1139,KARMI'EL
0768,כרמייה
0768,Karmiyya
0768,karmiyya
0768,KARMIYYA
1198,כרמים
1198,Keramim
1198,keramim
1198,KERAMIM
3656,כרמל
3656,Karmel
3656,karmel
3656,KARMEL
1207,לבון
1207,Lavon
1207,lavon
1207,LAVON
0585,לביא
0585,Lavi
0585,lavi
0585,LAVI
1230,לבנים
1230,Livnim
1230,livnim
1230,LIVNIM
2023,להב
2023,Lahav
2023,lahav
2023,LAHAV
0380,להבות הבשן
0380,Lahavot HaBashan
0380,lahavot habashan
0380,LAHAVOT HABASHAN
0715,להבות חביבה
0715,Lahavot Haviva
0715,lahavot haviva
0715,LAHAVOT HAVIVA
1271,להבים
1271,Lehavim
1271,lehavim
1271,LEHAVIM
7000,לוד
7000,Lod
7000,lod
7000,LOD
0052,לוזית
0052,Luzit
0052,luzit
0052,LUZIT
0595,לוחמי הגיטאות
0595,Lohame HaGeta'ot
0595,lohame hageta'ot
0595,LOHAME HAGETA'OT
1171,לוטם
1171,Lotem
1171,lotem
1171,LOTEM
1255,לוטן
1255,Lotan
1255,lotan
1255,LOTAN
0674,לימן
0674,Liman
0674,liman
0674,LIMAN
0024,לכיש
0024,Lakhish
0024,lakhish
0024,LAKHISH
1310,לפיד
1310,Lappid
1310,lappid
1310,LAPPID
1173,לפידות
1173,Lappidot
1173,lappidot
1173,LAPPIDOT
1060,לקיה
1060,Laqye
1060,laqye
1060,LAQYE
2055,מאור
2055,Ma'or
2055,ma'or
2055,MA'OR
0102,מאיר שפיה
0102,Me'ir Shefeya
0102,me'ir shefeya
0102,ME'IR SHEFEYA
0771,מבוא ביתר
0771,Mevo Betar
0771,mevo betar
0771,MEVO BETAR
3569,מבוא דותן
3569,Mevo Dotan
3569,mevo dotan
3569,MEVO DOTAN
3709,מבוא חורון
3709,Mevo Horon
3709,mevo horon
3709,MEVO HORON
4204,מבוא חמה
4204,Mevo Hamma
4204,mevo hamma
4204,MEVO HAMMA
1141,מבוא מודיעים
1141,Mevo Modi'im
1141,mevo modi'im
1141,MEVO MODI'IM
1318,מבואות ים
1318,Mevo'ot Yam
1318,mevo'ot yam
1318,MEVO'OT YAM
3825,מבואות יריחו
3825,Mevo'ot Yeriho
3825,mevo'ot yeriho
3825,MEVO'OT YERIHO
1080,מבועים
1080,Mabbu'im
1080,mabbu'im
1080,MABBU'IM
0829,מבטחים
0829,Mivtahim
0829,mivtahim
0829,MIVTAHIM
0573,מבקיעים
0573,Mavqi'im
0573,mavqi'im
0573,MAVQI'IM
1015,מבשרת ציון
1015,Mevasseret Ziyyon
1015,mevasseret ziyyon
1015,MEVASSERET ZIYYON
0516,מג'ד אל-כרום
0516,Majd al-Kurum
0516,majd al-kurum
0516,MAJD AL-KURUM
4201,מג'דל שמס
4201,Majdal Shams
4201,majdal shams
4201,MAJDAL SHAMS
0481,מגאר
0481,Mughar
0481,mughar
0481,MUGHAR
0689,מגדים
0689,Megadim
0689,megadim
0689,MEGADIM
0065,מגדל
0065,Migdal
0065,migdal
0065,MIGDAL
0874,מגדל העמק
0874,Migdal HaEmeq
0874,migdal haemeq
0874,MIGDAL HAEMEQ
3561,מגדל עוז
3561,Migdal Oz
3561,migdal oz
3561,MIGDAL OZ
1722,מגדל תפן
3751,מגדלים
3751,Migdalim
3751,migdalim
3751,MIGDALIM
0586,מגידו
0586,Megiddo
0586,megiddo
0586,MEGIDDO
0375,מגל
0375,Maggal
0375,maggal
0375,MAGGAL
0695,מגן
0695,Magen
0695,magen
0695,MAGEN
1155,מגן שאול
1155,Magen Sha'ul
1155,magen sha'ul
1155,MAGEN SHA'UL
0722,מגשימים
0722,Magshimim
0722,magshimim
0722,MAGSHIMIM
2029,מדרך עוז
2029,Midrakh Oz
2029,midrakh oz
2029,MIDRAKH OZ
1140,מדרשת בן גוריון
1140,Midreshet Ben Gurion
1140,midreshet ben gurion
1140,MIDRESHET BEN GURION
0897,מדרשת רופין
0897,Midreshet Ruppin
0897,midreshet ruppin
0897,MIDRESHET RUPPIN
1200,מודיעין-מכבים-רעות*
1200,Modi'in-Makkabbim-Re'ut
1200,modi'in-makkabbim-re'ut
1200,MODI'IN-MAKKABBIM-RE'UT
3797,מודיעין עילית
3797,Modi'in Illit
3797,modi'in illit
3797,MODI'IN ILLIT
0269,מולדת
0269,Moledet
0269,moledet
0269,MOLEDET
0208,מוצא עילית
0208,Moza Illit
0208,moza illit
0208,MOZA ILLIT
0635,מוקייבלה
0635,Muqeible
0635,muqeible
0635,MUQEIBLE
1163,מורן
1163,Moran
1163,moran
1163,MORAN
1178,מורשת
1178,Moreshet
1178,moreshet
1178,MORESHET
0606,מזור
0606,Mazor
0606,mazor
0606,MAZOR
0028,מזכרת בתיה
0028,Mazkeret Batya
0028,mazkeret batya
0028,MAZKERET BATYA
1879,"מזרח השרון מ""א 16"
1880,"מזרח השרון מ""א 18"
0104,מזרע
0104,Mizra
0104,mizra
0104,MIZRA
0517,מזרעה
0517,Mazra'a
0517,mazra'a
0517,MAZRA'A
3599,מחולה
3599,Mehola
3599,mehola
3599,MEHOLA
1411,מחנה הילה*
1411,Mahane Hilla
1411,mahane hilla
1411,MAHANE HILLA
1418,מחנה טלי*
1418,Mahane Tali
1418,mahane tali
1418,MAHANE TALI
1413,מחנה יהודית*
1413,Mahane Yehudit
1413,mahane yehudit
1413,MAHANE YEHUDIT
1416,מחנה יוכבד*
1416,Mahane Yokheved
1416,mahane yokheved
1416,MAHANE YOKHEVED
1415,מחנה יפה*
1415,Mahane Yafa
1415,mahane yafa
1415,MAHANE YAFA
1196,מחנה יתיר
1196,Mahane Yattir
1196,mahane yattir
1196,MAHANE YATTIR
1414,מחנה מרים*
1414,Mahane Miryam
1414,mahane miryam
1414,MAHANE MIRYAM
1412,מחנה תל נוף*
1412,Mahane Tel Nof
1412,mahane tel nof
1412,MAHANE TEL NOF
0308,מחניים
0308,Mahanayim
0308,mahanayim
0308,MAHANAYIM
0776,מחסיה
0776,Mahseya
0776,mahseya
0776,MAHSEYA
0043,מטולה
0043,Metula
0043,metula
0043,METULA
0822,מטע
0822,Matta
0822,matta
0822,MATTA
1128,מי עמי
1128,Me Ammi
1128,me ammi
1128,ME AMMI
2054,מיטב
2054,Metav
2054,metav
2054,METAV
0649,מייסר
0649,Meiser
0649,meiser
0649,MEISER
4019,מיצר
4019,Mezar
4019,mezar
4019,MEZAR
1282,מירב
1282,Merav
1282,merav
1282,MERAV
0607,מירון
0607,Meron
0607,meron
0607,MERON
0731,מישר
0731,Meshar
0731,meshar
0731,MESHAR
1268,מיתר
1268,Metar
1268,metar
1268,METAR
3614,מכורה
3614,Mekhora
3614,mekhora
3614,MEKHORA
1343,מכחול
1343,Makchul
1343,makchul
1343,MAKCHUL
0382,מכמורת
0382,Mikhmoret
0382,mikhmoret
0382,MIKHMORET
1202,מכמנים
1202,Mikhmannim
1202,mikhmannim
1202,MIKHMANNIM
0164,מלאה
0164,Mele'a
0164,mele'a
0164,MELE'A
2044,מלילות
2044,Melilot
2044,melilot
2044,MELILOT
0596,מלכייה
0596,Malkiyya
0596,malkiyya
0596,MALKIYYA
1154,מלכישוע
1154,Malkishua
1154,malkishua
1154,MALKISHUA
2030,מנוחה
2030,Menuha
2030,menuha
2030,MENUHA
1174,מנוף
1174,Manof
1174,manof
1174,MANOF
1205,מנות
1205,Manot
1205,manot
1205,MANOT
0048,מנחמיה
0048,Menahemya
0048,menahemya
0048,MENAHEMYA
0347,מנרה
0347,Menara
0347,menara
0347,MENARA
0994,מנשית זבדה
0994,Manshiyyet Zabda
0994,manshiyyet zabda
0994,MANSHIYYET ZABDA
1258,מסד
1258,Massad
1258,massad
1258,MASSAD
0263,מסדה
0263,Massada
0263,massada
0263,MASSADA
0298,מסילות
0298,Mesillot
0298,mesillot
0298,MESILLOT
0742,מסילת ציון
0742,Mesillat Ziyyon
0742,mesillat ziyyon
0742,MESILLAT ZIYYON
0748,מסלול
0748,Maslul
0748,maslul
0748,MASLUL
4203,מסעדה
4203,Mas'ade
4203,mas'ade
4203,MAS'ADE
0939,מסעודין אל-עזאזמה (שבט)
0939,Mas'udin al 'Azazma
0939,mas'udin al 'azazma
0939,MAS'UDIN AL 'AZAZMA
0197,מעברות
0197,Ma'barot
0197,ma'barot
0197,MA'BAROT
1082,מעגלים
1082,Ma'galim
1082,ma'galim
1082,MA'GALIM
0678,מעגן
0678,Ma'agan
0678,ma'agan
0678,MA'AGAN
0694,מעגן מיכאל
0694,Ma'agan Mikha'el
0694,ma'agan mikha'el
0694,MA'AGAN MIKHA'EL
0272,מעוז חיים
0272,Ma'oz Hayyim
0272,ma'oz hayyim
0272,MA'OZ HAYYIM
3657,מעון
3657,Ma'on
3657,ma'on
3657,MA'ON
0570,מעונה
0570,Me'ona
0570,me'ona
0570,ME'ONA
0416,מעיין ברוך
0416,Ma'yan Barukh
0416,ma'yan barukh
0416,MA'YAN BARUKH
0290,מעיין צבי
0290,Ma'yan Zevi
0290,ma'yan zevi
0290,MA'YAN ZEVI
0518,מעיליא
0518,Mi'elya
0518,mi'elya
0518,MI'ELYA
3616,מעלה אדומים
3616,Ma'ale Adummim
3616,ma'ale adummim
3616,MA'ALE ADUMMIM
3608,מעלה אפרים
3608,Ma'ale Efrayim
3608,ma'ale efrayim
3608,MA'ALE EFRAYIM
1127,מעלה גלבוע
1127,Ma'ale Gilboa
1127,ma'ale gilboa
1127,MA'ALE GILBOA
4008,מעלה גמלא
4008,Ma'ale Gamla
4008,ma'ale gamla
4008,MA'ALE GAMLA
0286,מעלה החמישה
0286,Ma'ale HaHamisha
0286,ma'ale hahamisha
0286,MA'ALE HAHAMISHA
3752,מעלה לבונה
3752,Ma'ale Levona
3752,ma'ale levona
3752,MA'ALE LEVONA
3651,מעלה מכמש
3651,Ma'ale Mikhmas
3651,ma'ale mikhmas
3651,MA'ALE MIKHMAS
1327,מעלה עירון
1327,Ma'ale Iron
1327,ma'ale iron
1327,MA'ALE IRON
3653,מעלה עמוס
3653,Ma'ale Amos
3653,ma'ale amos
3653,MA'ALE AMOS
1063,מעלות-תרשיחא
1063,Ma'alot-Tarshiha
1063,ma'alot-tarshiha
1063,MA'ALOT-TARSHIHA
0344,מענית
0344,Ma'anit
0344,ma'anit
0344,MA'ANIT
1876,"מערב השרון מ""א 16"
1877,"מערב השרון מ""א 18"
1878,"מערב השרון מ""א 19"
0230,מעש
0230,Ma'as
0230,ma'as
0230,MA'AS
0668,מפלסים
0668,Mefallesim
0668,mefallesim
0668,MEFALLESIM
1767,"מפעלי אבשלו""ם"
1791,מפעלי ברקן
1706,מפעלי גליל עליון
1739,מפעלי גרנות
1717,מפעלי העמק (יזרעאל)
1729,מפעלי חבל מודיעים
1775,מפעלי ים המלח(סדום)
1753,מפעלי כנות
1773,מפעלי מישור רותם
1769,מפעלי מעון
1701,מפעלי נחם הרטוב
1761,מפעלי צומת מלאכי
1776,מפעלי צין - ערבה
1711,מפעלי צמח
1719,מפעלי שאן
3745,מצדות יהודה
3745,Mezadot Yehuda
3745,mezadot yehuda
3745,MEZADOT YEHUDA
0325,מצובה
0325,Mazzuva
0325,mazzuva
0325,MAZZUVA
0757,מצליח
0757,Mazliah
0757,mazliah
0757,MAZLIAH
0058,מצפה
0058,Mizpa
0058,mizpa
0058,MIZPA
1222,"מצפה אבי""ב"
1222,Mizpe Aviv
1222,mizpe aviv
1222,MIZPE AVIV
1370,מצפה אילן
1370,Mitspe Ilan
1370,mitspe ilan
1370,MITSPE ILAN
3576,מצפה יריחו
3576,Mizpe Yeriho
3576,mizpe yeriho
3576,MIZPE YERIHO
1190,מצפה נטופה
1190,Mizpe Netofa
1190,mizpe netofa
1190,MIZPE NETOFA
0099,מצפה רמון
0099,Mizpe Ramon
0099,mizpe ramon
0099,MIZPE RAMON
3610,מצפה שלם
3610,Mizpe Shalem
3610,mizpe shalem
3610,MIZPE SHALEM
0648,מצר
0648,Mezer
0648,mezer
0648,MEZER
0022,מקווה ישראל
0022,Miqwe Yisra'el
0022,miqwe yisra'el
0022,MIQWE YISRA'EL
0843,מרגליות
0843,Margaliyyot
0843,margaliyyot
0843,MARGALIYYOT
4101,מרום גולן
4101,Merom Golan
4101,merom golan
4101,MEROM GOLAN
1340,מרחב עם
1340,Merhav Am
1340,merhav am
1340,MERHAV AM
0097,מרחביה (מושב)
0097,Merhavya(Moshav)
0097,merhavya(moshav)
0097,MERHAVYA(MOSHAV)
0066,מרחביה (קיבוץ)
0066,Merhavya(Qibbuz)
0066,merhavya(qibbuz)
0066,MERHAVYA(QIBBUZ)
1713,מרכז אזורי כדורי
1708,מרכז אזורי מרום הגליל
1723,מרכז אזורי משגב
1747,מרכז אזורי שוהם
1705,"מרכז כ""ח"
1715,"מרכז מיר""ב*"
1098,מרכז שפירא
1098,Merkaz Shappira
1098,merkaz shappira
1098,MERKAZ SHAPPIRA
0421,משאבי שדה
0421,Mash'abbe Sade
0421,mash'abbe sade
0421,MASH'ABBE SADE
0765,משגב דב
0765,Misgav Dov
0765,misgav dov
0765,MISGAV DOV
0378,משגב עם
0378,Misgav Am
0378,misgav am
0378,MISGAV AM
0520,משהד
0520,Meshhed
0520,meshhed
0520,MESHHED
3605,משואה
3605,Massu'a
3605,massu'a
3605,MASSU'A
0620,משואות יצחק
0620,Massu'ot Yizhaq
0620,massu'ot yizhaq
0620,MASSU'OT YIZHAQ
3785,משכיות
3785,Maskiyyot
3785,maskiyyot
3785,MASKIYYOT
0670,משמר איילון
0670,Mishmar Ayyalon
0670,mishmar ayyalon
0670,MISHMAR AYYALON
0563,משמר דוד
0563,Mishmar Dawid
0563,mishmar dawid
0563,MISHMAR DAWID
0732,משמר הירדן
0732,Mishmar HaYarden
0732,mishmar hayarden
0732,MISHMAR HAYARDEN
0395,משמר הנגב
0395,Mishmar HaNegev
0395,mishmar hanegev
0395,MISHMAR HANEGEV
0130,משמר העמק
0130,Mishmar HaEmeq
0130,mishmar haemeq
0130,MISHMAR HAEMEQ
0729,משמר השבעה
0729,Mishmar HaShiv'a
0729,mishmar hashiv'a
0729,MISHMAR HASHIV'A
0194,משמר השרון
0194,Mishmar HaSharon
0194,mishmar hasharon
0194,MISHMAR HASHARON
0213,משמרות
0213,Mishmarot
0213,mishmarot
0213,MISHMAROT
0425,משמרת
0425,Mishmeret
0425,mishmeret
0425,MISHMERET
0791,משען
0791,Mash'en
0791,mash'en
0791,MASH'EN
1315,מתן
1315,Mattan
1315,mattan
1315,MATTAN
1184,מתת
1184,Mattat
1184,mattat
1184,MATTAT
3648,מתתיהו
3648,Mattityahu
3648,mattityahu
3648,MATTITYAHU
4551,נאות גולן
4551,Ne'ot Golan
4551,ne'ot golan
4551,NE'OT GOLAN
1124,נאות הכיכר
1124,Ne'ot HaKikkar
1124,ne'ot hakikkar
1124,NE'OT HAKIKKAR
1770,נאות חובב
0408,נאות מרדכי
0408,Ne'ot Mordekhay
0408,ne'ot mordekhay
0408,NE'OT MORDEKHAY
1197,נאות סמדר
1197,Ne'ot Smadar
1197,ne'ot smadar
1197,NE'OT SMADAR
0524,נאעורה
0524,Na'ura
0524,na'ura
0524,NA'URA
0396,נבטים
0396,Nevatim
0396,nevatim
0396,NEVATIM
0315,נגבה
0315,Negba
0315,negba
0315,NEGBA
3724,נגוהות
3724,Negohot
3724,negohot
3724,NEGOHOT
0309,נהורה
0309,Nehora
0309,nehora
0309,NEHORA
0080,נהלל
0080,Nahalal
0080,nahalal
0080,NAHALAL
9100,נהרייה
9100,Nahariyya
9100,nahariyya
9100,NAHARIYYA
4304,נוב
4304,Nov
4304,nov
4304,NOV
0055,נוגה
0055,Nogah
0055,nogah
0055,NOGAH
1366,נווה
1366,Nave
1366,nave
1366,NAVE
0926,נווה אבות
0926,Newe Avot
0926,newe avot
0926,NEWE AVOT
0590,נווה אור
0590,Newe Ur
0590,newe ur
0590,NEWE UR
4303,"נווה אטי""ב"
4303,Newe Ativ
4303,newe ativ
4303,NEWE ATIV
0405,נווה אילן
0405,Newe Ilan
0405,newe ilan
0405,NEWE ILAN
1702,נווה אילן*
0296,נווה איתן
0296,Newe Etan
0296,newe etan
0296,NEWE ETAN
3725,נווה דניאל
3725,Newe Daniyyel
3725,newe daniyyel
3725,NEWE DANIYYEL
1057,נווה זוהר
1057,Newe Zohar
1057,newe zohar
1057,NEWE ZOHAR
1314,נווה זיו
1314,Newe Ziv
1314,newe ziv
1314,NEWE ZIV
1279,נווה חריף
1279,Newe Harif
1279,newe harif
1279,NEWE HARIF
0312,נווה ים
0312,Newe Yam
0312,newe yam
0312,NEWE YAM
0686,נווה ימין
0686,Newe Yamin
0686,newe yamin
0686,NEWE YAMIN
0858,נווה ירק
0858,Newe Yaraq
0858,newe yaraq
0858,NEWE YARAQ
0827,נווה מבטח
0827,Newe Mivtah
0827,newe mivtah
0827,NEWE MIVTAH
1071,נווה מיכאל
1071,Newe Mikha'el
1071,newe mikha'el
1071,NEWE MIKHA'EL
3573,נווה צוף
3573,Neve Tsuf
3573,neve tsuf
3573,NEVE TSUF
1259,נווה שלום
1259,Newe Shalom
1259,newe shalom
1259,NEWE SHALOM
0015,נועם
0015,No'am
0015,no'am
0015,NO'AM
1333,נוף איילון
1333,Nof Ayyalon
1333,nof ayyalon
1333,NOF AYYALON
1061,נוף הגליל
1061,Nof HaGalil
1061,nof hagalil
1061,NOF HAGALIL
3790,נופים
3790,Nofim
3790,nofim
3790,NOFIM
1284,נופית
1284,Nofit
1284,nofit
1284,NOFIT
0257,נופך
0257,Nofekh
0257,nofekh
0257,NOFEKH
3726,נוקדים
3726,Noqedim
3726,noqedim
3726,NOQEDIM
0447,נורדייה
0447,Nordiyya
0447,nordiyya
0447,NORDIYYA
0833,נורית
0833,Nurit
0833,nurit
0833,NURIT
0059,נחושה
0059,Nehusha
0059,nehusha
0059,NEHUSHA
1883,"נחל יפתחאל מ""א 3"
0844,נחל עוז
0844,Nahal Oz
0844,nahal oz
0844,NAHAL OZ
1861,"נחל תבור מ""א 8"
2045,נחלה
2045,Nahala
2045,nahala
2045,NAHALA
3767,נחליאל
3767,Nahali'el
3767,nahali'el
3767,NAHALI'EL
0449,נחלים
0449,Nehalim
0449,nehalim
0449,NEHALIM
0809,נחם
0809,Naham
0809,naham
0809,NAHAM
0522,נחף
0522,Nahef
0522,nahef
0522,NAHEF
0433,נחשולים
0433,Nahsholim
0433,nahsholim
0433,NAHSHOLIM
0777,נחשון
0777,Nahshon
0777,nahshon
0777,NAHSHON
0705,נחשונים
0705,Nahshonim
0705,nahshonim
0705,NAHSHONIM
1147,נטועה
1147,Netu'a
1147,netu'a
1147,NETU'A
4014,נטור
4014,Natur
4014,natur
4014,NATUR
1369,נטע
1369,Neta
1369,neta
1369,NETA
0174,נטעים
0174,Neta'im
0174,neta'im
0174,NETA'IM
1254,נטף
1254,Nataf
1254,nataf
1254,NATAF
0523,ניין
0523,Nein
0523,nein
0523,NEIN
3655,"ניל""י"
3655,Nili
3655,nili
3655,NILI
0351,ניצן
0351,Nizzan
0351,nizzan
0351,NIZZAN
1419,ניצן ב'
1419,Nizzan B
1419,nizzan b
1419,NIZZAN B
1195,ניצנה (קהילת חינוך)
1195,Nizzana (Qehilat Hinuh)
1195,nizzana (qehilat hinuh)
1195,NIZZANA (QEHILAT HINUH)
1280,ניצני סיני
1280,Nizzane Sinay
1280,nizzane sinay
1280,NIZZANE SINAY
0851,ניצני עוז
0851,Nizzane Oz
0851,nizzane oz
0851,NIZZANE OZ
0359,ניצנים
0359,Nizzanim
0359,nizzanim
0359,NIZZANIM
0808,ניר אליהו
0808,Nir Eliyyahu
0808,nir eliyyahu
0808,NIR ELIYYAHU
0553,ניר בנים
0553,Nir Banim
0553,nir banim
0553,NIR BANIM
0720,ניר גלים
0720,Nir Gallim
0720,nir gallim
0720,NIR GALLIM
0256,ניר דוד (תל עמל)
0256,Nir Dawid (Tel Amal)
0256,nir dawid (tel amal)
0256,NIR DAWID (TEL AMAL)
0011,"ניר ח""ן"
0011,Nir Hen
0011,nir hen
0011,NIR HEN
0165,ניר יפה
0165,Nir Yafe
0165,nir yafe
0165,NIR YAFE
0402,ניר יצחק
0402,Nir Yizhaq
0402,nir yizhaq
0402,NIR YIZHAQ
0699,ניר ישראל
0699,Nir Yisra'el
0699,nir yisra'el
0699,NIR YISRA'EL
2047,ניר משה
2047,Nir Moshe
2047,nir moshe
2047,NIR MOSHE
0069,ניר עוז
0069,Nir Oz
0069,nir oz
0069,NIR OZ
0348,ניר עם
0348,Nir Am
0348,nir am
0348,NIR AM
0769,ניר עציון
0769,Nir Ezyon
0769,nir ezyon
0769,NIR EZYON
2048,ניר עקיבא
2048,Nir Aqiva
2048,nir aqiva
2048,NIR AQIVA
0331,ניר צבי
0331,Nir Zevi
0331,nir zevi
0331,NIR ZEVI
0602,נירים
0602,Nirim
0602,nirim
0602,NIRIM
1236,נירית
1236,Nirit
1236,nirit
1236,NIRIT
1748,נמל תעופה בן-גוריון
4035,נמרוד
4035,Nimrod
4035,nimrod
4035,NIMROD
0825,נס הרים
0825,Nes Harim
0825,nes harim
0825,NES HARIM
1143,נס עמים
1143,Nes Ammim
1143,nes ammim
1143,NES AMMIM
7200,נס ציונה
7200,Nes Ziyyona
7200,nes ziyyona
7200,NES ZIYYONA
0186,נעורים
0186,Ne'urim
0186,ne'urim
0186,NE'URIM
3787,נעלה
3787,Na'ale
3787,na'ale
3787,NA'ALE
3713,"נעמ""ה"
3713,Na'ama
3713,na'ama
3713,NA'AMA
0158,נען
0158,Na'an
0158,na'an
0158,NA'AN
3620,נערן
3620,Na'aran
3620,na'aran
3620,NA'ARAN
1982,נפת בית לחם
1981,"נפת בית לחם מ""א 76"
1971,נפת ג'נין
1970,"נפת ג'נין מ""א 72"
1984,נפת חברון
1983,"נפת חברון מ""א 78"
1975,נפת טול כרם
1980,נפת ירדן
1978,"נפת ירדן מ""א 74"
1979,"נפת ירדן מ""א 75"
1977,נפת ראמאללה
1974,"נפת ראמאללה מ""א 73"
1973,נפת שכם
1972,"נפת שכם מ""א 72"
1041,נצאצרה (שבט)
1041,An-Nasasira
1041,an-nasasira
1041,AN-NASASIRA
1372,נצר חזני
1372,Nezer Hazzani
1372,nezer hazzani
1372,NEZER HAZZANI
0435,נצר סרני
0435,Nezer Sereni
0435,nezer sereni
0435,NEZER SERENI
7300,נצרת
7300,Nazareth
7300,nazareth
7300,NAZARETH
2500,נשר
2500,Nesher
2500,nesher
2500,NESHER
3555,נתיב הגדוד
3555,Netiv HaGedud
3555,netiv hagedud
3555,NETIV HAGEDUD
0693,"נתיב הל""ה"
0693,Netiv HaLamed-He
0693,netiv halamed-he
0693,NETIV HALAMED-HE
1242,נתיב העשרה
1242,Netiv Haasara
1242,netiv haasara
1242,NETIV HAASARA
0792,נתיב השיירה
0792,Netiv HaShayyara
0792,netiv hashayyara
0792,NETIV HASHAYYARA
0246,נתיבות
0246,Netivot
0246,netivot
0246,NETIVOT
7400,נתניה
7400,Netanya
7400,netanya
7400,NETANYA
0525,סאג'ור
0525,Sajur
0525,sajur
0525,SAJUR
0578,סאסא
0578,Sasa
0578,sasa
0578,SASA
0587,סביון*
0587,Savyon
0587,savyon
0587,SAVYON
2046,סגולה
2046,Segulla
2046,segulla
2046,SEGULLA
0942,סואעד (חמרייה)*
0942,Sawa'id(Hamriyye)
0942,sawa'id(hamriyye)
0942,SAWA'ID(HAMRIYYE)
0989,סואעד (כמאנה) (שבט)
0989,Sawa'id (Al-Kammana)
0989,sawa'id (al-kammana)
0989,SAWA'ID (AL-KAMMANA)
0526,סולם
0526,Sulam
0526,sulam
0526,SULAM
3756,סוסיה
3756,Suseya
3756,suseya
3756,SUSEYA
1238,סופה
1238,Sufa
1238,sufa
1238,SUFA
7500,סח'נין
7500,Sakhnin
7500,sakhnin
7500,SAKHNIN
1170,סייד (שבט)
1170,Sayyid
1170,sayyid
1170,SAYYID
1245,סלמה
1245,Sallama
1245,sallama
1245,SALLAMA
3567,סלעית
3567,Sal'it
3567,sal'it
3567,SAL'IT
1156,סמר
1156,Samar
1156,samar
1156,SAMAR
3777,סנסנה
3777,Sansana
3777,sansana
3777,SANSANA
0419,סעד
0419,Sa'ad
0419,sa'ad
0419,SA'AD
1360,סעוה
1360,Sa'Wa
1360,sa'wa
1360,SA'WA
0454,סער
0454,Sa'ar
0454,sa'ar
0454,SA'AR
1176,ספיר
1176,Sappir
1176,sappir
1176,SAPPIR
0610,סתרייה
0610,Sitriyya
0610,sitriyya
0610,SITRIYYA
4501,ע'ג'ר
4501,Ghajar
4501,ghajar
4501,GHAJAR
0892,עבדון
0892,Avdon
0892,avdon
0892,AVDON
0376,עברון
0376,Evron
0376,evron
0376,EVRON
0794,עגור
0794,Agur
0794,agur
0794,AGUR
1762,עד הלום
1199,עדי
1199,Adi
1199,adi
1199,ADI
2035,עדנים
2035,Adanim
2035,adanim
2035,ADANIM
0826,עוזה
0826,Uza
0826,uza
0826,UZA
0528,עוזייר
0528,Uzeir
0528,uzeir
0528,UZEIR
0737,עולש
0737,Olesh
0737,olesh
0737,OLESH
0666,עומר
0666,Omer
0666,omer
0666,OMER
0810,עופר
0810,Ofer
0810,ofer
0810,OFER
0032,עוצם
0032,Ozem
0032,ozem
0032,OZEM
0957,עוקבי (בנו עוקבה) (שבט)
0957,Al-'Ukbi
0957,al-'ukbi
0957,AL-'UKBI
0328,עזוז
0328,Ezuz
0328,ezuz
0328,EZUZ
1149,עזר
1149,Ezer
1149,ezer
1149,EZER
0837,עזריאל
0837,Azri'el
0837,azri'el
0837,AZRI'EL
0711,עזריה
0711,Azarya
0711,azarya
0711,AZARYA
0817,עזריקם
0817,Azriqam
0817,azriqam
0817,AZRIQAM
0969,עטאוונה (שבט)
0969,Al-'Atawina
0969,al-'atawina
0969,AL-'ATAWINA
3658,עטרת
3658,Ateret
3658,ateret
3658,ATERET
1175,עידן
1175,Iddan
1175,iddan
1175,IDDAN
1765,עידן הנגב
0530,עיילבון
0530,Eilabun
0530,eilabun
0530,EILABUN
0156,עיינות
0156,Ayanot
0156,ayanot
0156,AYANOT
0511,עילוט
0511,Ilut
0511,ilut
0511,ILUT
0687,עין איילה
0687,En Ayyala
0687,en ayyala
0687,EN AYYALA
0546,עין אל-אסד
0546,Ein Al-Asad
0546,ein al-asad
0546,EIN AL-ASAD
0273,עין גב
0273,En Gev
0273,en gev
0273,EN GEV
2042,עין גדי
2042,En Gedi
2042,en gedi
2042,EN GEDI
0436,עין דור
0436,En Dor
0436,en dor
0436,EN DOR
1240,עין הבשור
1240,En HaBesor
1240,en habesor
1240,EN HABESOR
0074,עין הוד
0074,En Hod
0074,en hod
0074,EN HOD
0167,עין החורש
0167,En HaHoresh
0167,en hahoresh
0167,EN HAHORESH
0289,עין המפרץ
0289,En HaMifraz
0289,en hamifraz
0289,EN HAMIFRAZ
0383,"עין הנצי""ב"
0383,En HaNaziv
0383,en hanaziv
0383,EN HANAZIV
0367,עין העמק
0367,En HaEmeq
0367,en haemeq
0367,EN HAEMEQ
0270,עין השופט
0270,En HaShofet
0270,en hashofet
0270,EN HASHOFET
0676,עין השלושה
0676,En HaShelosha
0676,en hashelosha
0676,EN HASHELOSHA
0157,עין ורד
0157,En Wered
0157,en wered
0157,EN WERED
4503,עין זיוון
4503,En Ziwan
4503,en ziwan
4503,EN ZIWAN
1320,עין חוד
1320,Ein Hod
1320,ein hod
1320,EIN HOD
1053,עין חצבה
1053,En Hazeva
1053,en hazeva
1053,EN HAZEVA
0089,עין חרוד (איחוד)
0089,En Harod (Ihud)
0089,en harod (ihud)
0089,EN HAROD (IHUD)
0082,עין חרוד (מאוחד)
0082,En Harod(Me'uhad)
0082,en harod(me'uhad)
0082,EN HAROD(ME'UHAD)
0806,עין יהב
0806,En Yahav
0806,en yahav
0806,EN YAHAV
0813,עין יעקב
0813,En Ya'aqov
0813,en ya'aqov
0813,EN YA'AQOV
1056,"עין כרם-בי""ס חקלאי"
1056,En Karem-B.S.Haqla'i
1056,en karem-b.s.haqla'i
1056,EN KAREM-B.S.HAQLA'I
0426,עין כרמל
0426,En Karmel
0426,en karmel
0426,EN KARMEL
0532,עין מאהל
0532,Ein Mahel
0532,ein mahel
0532,EIN MAHEL
0521,עין נקובא
0521,Ein Naqquba
0521,ein naqquba
0521,EIN NAQQUBA
0223,עין עירון
0223,En Iron
0223,en iron
0223,EN IRON
0622,עין צורים
0622,En Zurim
0622,en zurim
0622,EN ZURIM
4502,עין קנייא
4502,Ein Qiniyye
4502,ein qiniyye
4502,EIN QINIYYE
0514,עין ראפה
0514,Ein Rafa
0514,ein rafa
0514,EIN RAFA
0139,עין שמר
0139,En Shemer
0139,en shemer
0139,EN SHEMER
0880,עין שריד
0880,En Sarid
0880,en sarid
0880,EN SARID
1251,עין תמר
1251,En Tamar
1251,en tamar
1251,EN TAMAR
0871,עינת
0871,Enat
0871,enat
0871,ENAT
1187,עיר אובות
1187,Ir Ovot
1187,ir ovot
1187,IR OVOT
7600,עכו
7600,Akko
7600,akko
7600,AKKO
1146,עלומים
1146,Alumim
1146,alumim
1146,ALUMIM
3765,עלי
3765,Eli
3765,eli
3765,ELI
3727,עלי זהב
3727,Ale Zahav
3727,ale zahav
3727,ALE ZAHAV
0688,עלמה
0688,Alma
0688,alma
0688,ALMA
3715,עלמון
3715,Almon
3715,almon
3715,ALMON
1212,עמוקה
1212,Amuqqa
1212,amuqqa
1212,AMUQQA
3824,עמיחי
3824,Ammihay
3824,ammihay
3824,AMMIHAY
0779,עמינדב
0779,Amminadav
0779,amminadav
0779,AMMINADAV
0385,עמיעד
0385,Ammi'ad
0385,ammi'ad
0385,AMMI'AD
0318,עמיעוז
0318,Ammi'oz
0318,ammi'oz
0318,AMMI'OZ
0773,עמיקם
0773,Ammiqam
0773,ammiqam
0773,AMMIQAM
0319,עמיר
0319,Amir
0319,amir
0319,AMIR
3660,עמנואל
3660,Immanu'el
3660,immanu'el
3660,IMMANU'EL
1824,"עמק בית שאן מ""א 7"
1825,"עמק בית שאן של""ש"
1806,"עמק חולה מ""א 1"
1807,"עמק חולה מ""א 55"
1808,"עמק חולה של""ש"
1875,"עמק חפר מזרח מ""א 16"
1826,"עמק חרוד מ""א 8"
1827,"עמק חרוד של""ש"
1834,"עמק יזרעאל מ""א 13"
1832,"עמק יזרעאל מ""א 8"
1833,"עמק יזרעאל מ""א 9"
0708,עמקה
0708,Amqa
0708,amqa
0708,AMQA
3712,ענב
3712,Enav
3712,enav
3712,ENAV
0534,עספיא
0534,Isifya
0534,isifya
0534,ISIFYA
7700,עפולה
7700,Afula
7700,afula
7700,AFULA
3617,עפרה
3617,Ofra
3617,ofra
3617,OFRA
3778,עץ אפרים
3778,Ez Efrayim
3778,ez efrayim
3778,EZ EFRAYIM
0917,עצמון שגב
0917,Atsmon Segev
0917,atsmon segev
0917,ATSMON SEGEV
0531,עראבה
0531,Arrabe
0531,arrabe
0531,ARRABE
1246,עראמשה*
1246,Aramsha
1246,aramsha
1246,ARAMSHA
1335,ערב אל נעים
1335,Arab Al Naim
1335,arab al naim
1335,ARAB AL NAIM
2560,ערד
2560,Arad
2560,arad
2560,ARAD
0593,ערוגות
0593,Arugot
0593,arugot
0593,ARUGOT
0637,ערערה
0637,Ar'ara
0637,ar'ara
0637,AR'ARA
1192,ערערה-בנגב
1192,Ar'ara-BaNegev
1192,ar'ara-banegev
1192,AR'ARA-BANEGEV
0591,עשרת
0591,Aseret
0591,aseret
0591,ASERET
0053,עתלית
0053,Atlit
0053,atlit
0053,ATLIT
3748,עתניאל
3748,Otni'el
3748,otni'el
3748,OTNI'EL
1151,פארן
1151,Paran
1151,paran
1151,PARAN
1961,"פארק הירדן מ""א 6"
1763,פארק תעשיות ספירים
1745,פארק תעשיות עמק חפר
3768,פדואל
3768,Pedu'el
3768,pedu'el
3768,PEDU'EL
0750,פדויים
0750,Peduyim
0750,peduyim
0750,PEDUYIM
0838,פדיה
0838,Pedaya
0838,pedaya
0838,PEDAYA
0537,פוריידיס
0537,Fureidis
0537,fureidis
0537,FUREIDIS
1104,פורייה - כפר עבודה
1104,Poriyya-Kefar Avoda
1104,poriyya-kefar avoda
1104,PORIYYA-KEFAR AVODA
1105,פורייה - נווה עובד
1105,Poriyya-Newe Oved
1105,poriyya-newe oved
1105,PORIYYA-NEWE OVED
1313,פורייה עילית
1313,Poriyya Illit
1313,poriyya illit
1313,PORIYYA ILLIT
0767,פורת
0767,Porat
0767,porat
0767,PORAT
0749,פטיש
0749,Pattish
0749,pattish
0749,PATTISH
1185,פלך
1185,Pelekh
1185,pelekh
1185,PELEKH
0597,פלמחים
0597,Palmahim
0597,palmahim
0597,PALMAHIM
3723,פני חבר
3723,Pene Hever
3723,pene hever
3723,PENE HEVER
3659,פסגות
3659,Pesagot
3659,pesagot
3659,PESAGOT
0535,פסוטה
0535,Fassuta
0535,fassuta
0535,FASSUTA
2059,"פעמי תש""ז"
2059,Pa'ame Tashaz
2059,pa'ame tashaz
2059,PA'AME TASHAZ
3615,פצאל
3615,Peza'el
3615,peza'el
3615,PEZA'EL
0536,פקיעין (בוקייעה)
0536,Peqi'in (Buqei'a)
0536,peqi'in (buqei'a)
0536,PEQI'IN (BUQEI'A)
0281,פקיעין חדשה
0281,Peqi'in Hadasha
0281,peqi'in hadasha
0281,PEQI'IN HADASHA
7800,פרדס חנה-כרכור
7800,Pardes Hanna-Karkur
7800,pardes hanna-karkur
7800,PARDES HANNA-KARKUR
0171,פרדסייה
0171,Pardesiyya
0171,pardesiyya
0171,PARDESIYYA
0599,פרוד
0599,Parod
0599,parod
0599,PAROD
2053,פרזון
2053,Perazon
2053,perazon
2053,PERAZON
1231,פרי גן
1231,Peri Gan
1231,peri gan
1231,PERI GAN
7900,פתח תקווה
7900,Petah Tiqwa
7900,petah tiqwa
7900,PETAH TIQWA
0839,פתחיה
0839,Petahya
0839,petahya
0839,PETAHYA
0413,צאלים
0413,Ze'elim
0413,ze'elim
0413,ZE'ELIM
1180,צביה
1180,Zviyya
1180,zviyya
1180,ZVIYYA
1213,צבעון
1213,Ziv'on
1213,ziv'on
1213,ZIV'ON
0465,צובה
0465,Zova
0465,zova
0465,ZOVA
1136,צוחר
1111,צופייה
1111,Zofiyya
1111,zofiyya
1111,ZOFIYYA
3791,צופים
3791,Zufim
3791,zufim
3791,ZUFIM
0198,צופית
0198,Zofit
0198,zofit
0198,ZOFIT
1150,צופר
1150,Zofar
1150,zofar
1150,ZOFAR
1102,צוקי ים
1102,Zuqi Yam
1102,zuqi yam
1102,ZUQI YAM
1262,צוקים
1262,Zuqim
1262,zuqim
1262,ZUQIM
1113,צור הדסה
1113,Zur Hadassa
1113,zur hadassa
1113,ZUR HADASSA
1345,צור יצחק
1345,Zur Yizhaq
1345,zur yizhaq
1345,ZUR YIZHAQ
0276,צור משה
0276,Zur Moshe
0276,zur moshe
0276,ZUR MOSHE
1148,צור נתן
1148,Zur Natan
1148,zur natan
1148,ZUR NATAN
0774,צוריאל
0774,Zuri'el
0774,zuri'el
0774,ZURI'EL
1221,צורית
1221,Zurit
1221,zurit
1221,ZURIT
0613,ציפורי
0613,Zippori
0613,zippori
0613,ZIPPORI
0796,צלפון
0796,Zelafon
0796,zelafon
0796,ZELAFON
0636,צנדלה
0636,Sandala
0636,sandala
0636,SANDALA
0594,צפרייה
0594,Zafriyya
0594,zafriyya
0594,ZAFRIYYA
1079,צפרירים
1079,Zafririm
1079,zafririm
1079,ZAFRIRIM
8000,צפת
8000,Zefat
8000,zefat
8000,ZEFAT
0612,צרופה
0612,Zerufa
0612,zerufa
0612,ZERUFA
0567,צרעה
0567,Zor'a
0567,zor'a
0567,ZOR'A
1234,קבועה (שבט)
1234,Kabbu'a
1234,kabbu'a
1234,KABBU'A
0334,קבוצת יבנה
0334,Qevuzat Yavne
0334,qevuzat yavne
0334,QEVUZAT YAVNE
3557,קדומים
3557,Qedumim
3557,qedumim
3557,QEDUMIM
0195,קדימה-צורן
0195,Qadima- Zoran
0195,qadima- zoran
0195,QADIMA- ZORAN
0392,קדמה
0392,Qedma
0392,qedma
0392,QEDMA
4025,קדמת צבי
4025,Qidmat Zevi
4025,qidmat zevi
4025,QIDMAT ZEVI
3781,קדר
3781,Qedar
3781,qedar
3781,QEDAR
0615,קדרון
0615,Qidron
0615,qidron
0615,QIDRON
1211,קדרים
1211,Qaddarim
1211,qaddarim
1211,QADDARIM
0964,קודייראת א-צאנע (שבט)
0964,Kudayrat as-Sani'
0964,kudayrat as-sani'
0964,KUDAYRAT AS-SANI'
0972,קוואעין (שבט)
0972,Kawa'in
0972,kawa'in
0972,KAWA'IN
0766,קוממיות
0766,Qomemiyyut
0766,qomemiyyut
0766,QOMEMIYYUT
1179,קורנית
1179,Qoranit
1179,qoranit
1179,QORANIT
1052,קטורה
1052,Qetura
1052,qetura
1052,QETURA
1167,קיסריה
1167,Qesaryya
1167,qesaryya
1167,QESARYYA
0414,קלחים
0414,Qelahim
0414,qelahim
0414,QELAHIM
3601,קליה
3601,Qalya
3601,qalya
3601,QALYA
0638,קלנסווה
0638,Qalansawe
0638,qalansawe
0638,QALANSAWE
4024,קלע
4024,Qela
4024,qela
4024,QELA
1243,קציר
1243,Qazir
1243,qazir
1243,QAZIR
1347,קצר א-סר
1347,Qasr A-Sir
1347,qasr a-sir
1347,QASR A-SIR
4100,קצרין
4100,Qazrin
4100,qazrin
4100,QAZRIN
2620,קריית אונו
2620,Qiryat Ono
2620,qiryat ono
2620,QIRYAT ONO
3611,קריית ארבע
3611,Qiryat Arba
3611,qiryat arba
3611,QIRYAT ARBA
6800,קריית אתא
6800,Qiryat Atta
6800,qiryat atta
6800,QIRYAT ATTA
9500,קריית ביאליק
9500,Qiryat Bialik
9500,qiryat bialik
9500,QIRYAT BIALIK
2630,קריית גת
2630,Qiryat Gat
2630,qiryat gat
2630,QIRYAT GAT
1768,קריית חינוך מרחבים*
2300,קריית טבעון
2300,Qiryat Tiv'on
2300,qiryat tiv'on
2300,QIRYAT TIV'ON
9600,קריית ים
9600,Qiryat Yam
9600,qiryat yam
9600,QIRYAT YAM
1137,קריית יערים
1137,Qiryat Ye'arim
1137,qiryat ye'arim
1137,QIRYAT YE'ARIM
2039,קריית יערים (מוסד)
2039,Qiryat Ye'arim(Institute)
2039,qiryat ye'arim(institute)
2039,QIRYAT YE'ARIM(INSTITUTE)
8200,קריית מוצקין
8200,Qiryat Motzkin
8200,qiryat motzkin
8200,QIRYAT MOTZKIN
1034,קריית מלאכי
1034,Qiryat Mal'akhi
1034,qiryat mal'akhi
1034,QIRYAT MAL'AKHI
3746,קריית נטפים
3746,Qiryat Netafim
3746,qiryat netafim
3746,QIRYAT NETAFIM
0078,קריית ענבים
0078,Qiryat Anavim
0078,qiryat anavim
0078,QIRYAT ANAVIM
0469,קריית עקרון
0469,Qiryat Eqron
0469,qiryat eqron
0469,QIRYAT EQRON
0412,קריית שלמה
0412,Qiryat Shelomo
0412,qiryat shelomo
0412,QIRYAT SHELOMO
2800,קריית שמונה
2800,Qiryat Shemona
2800,qiryat shemona
2800,QIRYAT SHEMONA
1766,קרית חינוך עזתה
1746,קרית תעופה
3640,קרני שומרון
3640,Qarne Shomeron
3640,qarne shomeron
3640,QARNE SHOMERON
4006,קשת
4006,Qeshet
4006,qeshet
4006,QESHET
0543,ראמה
0543,Rame
0543,rame
0543,RAME
1334,ראס אל-עין
1334,Ras Al-Ein
1334,ras al-ein
1334,RAS AL-EIN
0990,ראס עלי
0990,Ras Ali
0990,ras ali
0990,RAS ALI
2640,ראש העין
2640,Rosh HaAyin
2640,rosh haayin
2640,ROSH HAAYIN
0026,ראש פינה
0026,Rosh Pinna
0026,rosh pinna
0026,ROSH PINNA
3602,ראש צורים
3602,Rosh Zurim
3602,rosh zurim
3602,ROSH ZURIM
8300,ראשון לציון
8300,Rishon LeZiyyon
8300,rishon leziyyon
8300,RISHON LEZIYYON
3795,רבבה
3795,Revava
3795,revava
3795,REVAVA
0564,רבדים
0564,Revadim
0564,revadim
0564,REVADIM
0354,רביבים
0354,Revivim
0354,revivim
0354,REVIVIM
1225,רביד
1225,Ravid
1225,ravid
1225,RAVID
0390,רגבה
0390,Regba
0390,regba
0390,REGBA
0444,רגבים
0444,Regavim
0444,regavim
0444,REGAVIM
1161,רהט
1161,Rahat
1161,rahat
1161,RAHAT
2051,רווחה
2051,Rewaha
2051,rewaha
2051,REWAHA
2016,רוויה
2016,Rewaya
2016,rewaya
2016,REWAYA
1341,רוח מדבר
1341,Ruah Midbar
1341,ruah midbar
1341,RUAH MIDBAR
0362,רוחמה
0362,Ruhama
0362,ruhama
0362,RUHAMA
0539,רומאנה
0539,Rummane
0539,rummane
0539,RUMMANE
0997,רומת הייב
0997,Rumat Heib
0997,rumat heib
0997,RUMAT HEIB
3619,רועי
3619,Ro'i
3619,ro'i
3619,RO'I
3782,רותם
3782,Rotem
3782,rotem
3782,ROTEM
0854,רחוב
0854,Rehov
0854,rehov
0854,REHOV
8400,רחובות
8400,Rehovot
8400,rehovot
8400,REHOVOT
3822,רחלים
3822,Rehelim
3822,rehelim
3822,REHELIM
0540,ריחאנייה
0540,Reihaniyye
0540,reihaniyye
0540,REIHANIYYE
3568,ריחן
3568,Rehan
3568,rehan
3568,REHAN
0542,ריינה
0542,Reine
0542,reine
0542,REINE
3565,רימונים
3565,Rimmonim
3565,rimmonim
3565,RIMMONIM
0616,רינתיה
0616,Rinnatya
0616,rinnatya
0616,RINNATYA
0922,רכסים
0922,Rekhasim
0922,rekhasim
0922,REKHASIM
1069,רם-און
1069,Ram-On
1069,ram-on
1069,RAM-ON
4702,רמות
4702,Ramot
4702,ramot
4702,RAMOT
0206,רמות השבים
0206,Ramot HaShavim
0206,ramot hashavim
0206,RAMOT HASHAVIM
0735,רמות מאיר
0735,Ramot Me'ir
0735,ramot me'ir
0735,RAMOT ME'IR
0445,רמות מנשה
0445,Ramot Menashe
0445,ramot menashe
0445,RAMOT MENASHE
0372,רמות נפתלי
0372,Ramot Naftali
0372,ramot naftali
0372,RAMOT NAFTALI
8500,רמלה
8500,Ramla
8500,ramla
8500,RAMLA
8600,רמת גן
8600,Ramat Gan
8600,ramat gan
8600,RAMAT GAN
0135,רמת דוד
0135,Ramat Dawid
0135,ramat dawid
0135,RAMAT DAWID
0184,רמת הכובש
0184,Ramat HaKovesh
0184,ramat hakovesh
0184,RAMAT HAKOVESH
0335,רמת השופט
0335,Ramat HaShofet
0335,ramat hashofet
0335,RAMAT HASHOFET
2650,רמת השרון
2650,Ramat HaSharon
2650,ramat hasharon
2650,RAMAT HASHARON
0178,רמת יוחנן
0178,Ramat Yohanan
0178,ramat yohanan
0178,RAMAT YOHANAN
0122,רמת ישי
0122,Ramat Yishay
0122,ramat yishay
0122,RAMAT YISHAY
1828,"רמת כוכב מ""א 7"
1829,"רמת כוכב מ""א 8"
1830,"רמת כוכב מ""א 9"
1831,"רמת כוכב של""ש"
4701,רמת מגשימים
4701,Ramat Magshimim
4701,ramat magshimim
4701,RAMAT MAGSHIMIM
1837,"רמת מנשה מ""א 13"
1838,"רמת מנשה של""ש"
0339,רמת צבי
0339,Ramat Zevi
0339,ramat zevi
0339,RAMAT ZEVI
0460,רמת רזיאל
0460,Ramat Razi'el
0460,ramat razi'el
0460,RAMAT RAZI'EL
0127,רמת רחל
0127,Ramat Rahel
0127,ramat rahel
0127,RAMAT RAHEL
0789,רנן
0789,Rannen
0789,rannen
0789,RANNEN
0713,רעים
0713,Re'im
0713,re'im
0713,RE'IM
8700,רעננה
8700,Ra'annana
8700,ra'annana
8700,RA'ANNANA
1228,רקפת
1228,Raqqefet
1228,raqqefet
1228,RAQQEFET
0247,רשפון
0247,Rishpon
0247,rishpon
0247,RISHPON
0437,רשפים
0437,Reshafim
0437,reshafim
0437,RESHAFIM
1260,רתמים
1260,Retamim
1260,retamim
1260,RETAMIM
0324,שאר ישוב
0324,She'ar Yashuv
0324,she'ar yashuv
0324,SHE'AR YASHUV
1377,שבי דרום
1377,Shave Darom
1377,shave darom
1377,SHAVE DAROM
0282,שבי ציון
0282,Shave Ziyyon
0282,shave ziyyon
0282,SHAVE ZIYYON
3571,שבי שומרון
3571,Shave Shomeron
3571,shave shomeron
3571,SHAVE SHOMERON
0913,שבלי - אום אל-גנם
0913,Shibli-Umm Al-Ghanam
0913,shibli-umm al-ghanam
0913,SHIBLI-UMM AL-GHANAM
1286,שגב-שלום
1286,Segev-Shalom
1286,segev-shalom
1286,SEGEV-SHALOM
0721,שדה אילן
0721,Sede Ilan
0721,sede ilan
0721,SEDE ILAN
0304,שדה אליהו
0304,Sede Eliyyahu
0304,sede eliyyahu
0304,SEDE ELIYYAHU
0861,שדה אליעזר
0861,Sede Eli'ezer
0861,sede eli'ezer
0861,SEDE ELI'EZER
0885,שדה בוקר
0885,Sede Boqer
0885,sede boqer
0885,SEDE BOQER
0036,שדה דוד
0036,Sede Dawid
0036,sede dawid
0036,SEDE DAWID
0284,שדה ורבורג
0284,Sede Warburg
0284,sede warburg
0284,SEDE WARBURG
0293,שדה יואב
0293,Sede Yo'av
0293,sede yo'av
0293,SEDE YO'AV
0142,שדה יעקב
0142,Sede Ya'aqov
0142,sede ya'aqov
0142,SEDE YA'AQOV
2008,שדה יצחק
2008,Sede Yizhaq
2008,sede yizhaq
2008,SEDE YIZHAQ
0018,שדה משה
0018,Sede Moshe
0018,sede moshe
0018,SEDE MOSHE
0259,שדה נחום
0259,Sede Nahum
0259,sede nahum
0259,SEDE NAHUM
0329,שדה נחמיה
0329,Sede Nehemya
0329,sede nehemya
0329,SEDE NEHEMYA
1058,שדה ניצן
1058,Sede Nizzan
1058,sede nizzan
1058,SEDE NIZZAN
0739,שדה עוזיהו
0739,Sede Uzziyyahu
0739,sede uzziyyahu
0739,SEDE UZZIYYAHU
2049,שדה צבי
2049,Sede Zevi
2049,sede zevi
2049,SEDE ZEVI
0327,שדות ים
0327,Sedot Yam
0327,sedot yam
0327,SEDOT YAM
0027,שדות מיכה
0027,Sedot Mikha
0027,sedot mikha
0027,SEDOT MIKHA
1223,שדי אברהם
1223,Sede Avraham
1223,sede avraham
1223,SEDE AVRAHAM
2015,שדי חמד
2015,Sede Hemed
2015,sede hemed
2015,SEDE HEMED
2057,שדי תרומות
2057,Sede Terumot
2057,sede terumot
2057,SEDE TERUMOT
0555,שדמה
0555,Shedema
0555,shedema
0555,SHEDEMA
0306,שדמות דבורה
0306,Shadmot Devora
0306,shadmot devora
0306,SHADMOT DEVORA
3578,שדמות מחולה
3578,Shadmot Mehola
3578,shadmot mehola
3578,SHADMOT MEHOLA
1031,שדרות
1031,Sederot
1031,sederot
1031,SEDEROT
0741,שואבה
0741,Sho'eva
0741,sho'eva
0741,SHO'EVA
0761,שובה
0761,Shuva
0761,shuva
0761,SHUVA
0394,שובל
0394,Shoval
0394,shoval
0394,SHOVAL
1304,שוהם
1304,Shoham
1304,shoham
1304,SHOHAM
0614,שומרה
0614,Shomera
0614,shomera
0614,SHOMERA
1265,שומרייה
1265,Shomeriyya
1265,shomeriyya
1265,SHOMERIYYA
0415,שוקדה
0415,Shoqeda
0415,shoqeda
0415,SHOQEDA
0456,שורש
0456,Shoresh
0456,shoresh
0456,SHORESH
1235,שורשים
1235,Shorashim
1235,shorashim
1235,SHORASHIM
0224,שושנת העמקים
0224,Shoshannat HaAmaqim
0224,shoshannat haamaqim
0224,SHOSHANNAT HAAMAQIM
0527,שזור
0527,Shezor
0527,shezor
0527,SHEZOR
0007,שחר
0007,Shahar
0007,shahar
0007,SHAHAR
1266,שחרות
1266,Shaharut
1266,shaharut
1266,SHAHARUT
0865,שיבולים
0865,Shibbolim
0865,shibbolim
0865,SHIBBOLIM
1378,שיזף
1378,Shezaf
1378,shezaf
1378,SHEZAF
1267,שיטים
1267,Shittim
1267,shittim
1267,SHITTIM
0658,שייח' דנון
0658,Sheikh Dannun
0658,sheikh dannun
0658,SHEIKH DANNUN
3641,שילה
3641,Shilo
3641,shilo
3641,SHILO
1165,שילת
1165,Shilat
1165,shilat
1165,SHILAT
1160,שכניה
1160,Shekhanya
1160,shekhanya
1160,SHEKHANYA
0873,שלווה
0873,Shalwa
0873,shalwa
0873,SHALWA
1373,שלווה במדבר
1373,Shalva Bamidbar
1373,shalva bamidbar
1373,SHALVA BAMIDBAR
0439,שלוחות
0439,Sheluhot
0439,sheluhot
0439,SHELUHOT
0812,שלומי
0812,Shelomi
0812,shelomi
0812,SHELOMI
1364,שלומית
1364,Shlomit
1364,shlomit
1364,SHLOMIT
1793,שלומציון
0366,שמיר
0366,Shamir
0366,shamir
0366,SHAMIR
3784,שמעה
3784,Shim'a
3784,shim'a
3784,SHIM'A
0432,שמרת
0432,Shamerat
0432,shamerat
0432,SHAMERAT
1337,שמשית
1337,Shimshit
1337,shimshit
1337,SHIMSHIT
1287,שני
1287,Shani
1287,shani
1287,SHANI
1132,שניר
1132,Senir
1132,senir
1132,SENIR
0538,שעב
0538,Sha'ab
0538,sha'ab
0538,SHA'AB
4009,שעל
4009,Sha'al
4009,sha'al
4009,SHA'AL
0856,שעלבים
0856,Sha'alvim
0856,sha'alvim
0856,SHA'ALVIM
0661,שער אפרים
0661,Sha'ar Efrayim
0661,sha'ar efrayim
0661,SHA'AR EFRAYIM
0264,שער הגולן
0264,Sha'ar HaGolan
0264,sha'ar hagolan
0264,SHA'AR HAGOLAN
0237,שער העמקים
0237,Sha'ar HaAmaqim
0237,sha'ar haamaqim
0237,SHA'AR HAAMAQIM
0921,שער מנשה
0921,Sha'ar Menashe
0921,sha'ar menashe
0921,SHA'AR MENASHE
3720,שערי תקווה
3720,Sha'are Tiqwa
3720,sha'are tiqwa
3720,SHA'ARE TIQWA
0232,שפיים
0232,Shefayim
0232,shefayim
0232,SHEFAYIM
0692,שפיר
0692,Shafir
0692,shafir
0692,SHAFIR
1803,"שפלת יהודה מ""א 26"
1804,"שפלת יהודה של""ש"
0846,שפר
0846,Shefer
0846,shefer
0846,SHEFER
8800,שפרעם
8800,Shefar'am
8800,shefar'am
8800,SHEFAR'AM
3649,שקד
3649,Shaqed
3649,shaqed
3649,SHAQED
1233,שקף
1233,Sheqef
1233,sheqef
1233,SHEQEF
0292,שרונה
0292,Sharona
0292,sharona
0292,SHARONA
1114,שריגים (לי-און)
1114,Sarigim (Li-On)
1114,sarigim (li-on)
1114,SARIGIM (LI-ON)
0126,שריד
0126,Sarid
0126,sarid
0126,SARID
0398,שרשרת
0398,Sharsheret
0398,sharsheret
0398,SHARSHERET
1045,שתולה
1045,Shetula
1045,shetula
1045,SHETULA
0763,שתולים
0763,Shetulim
0763,shetulim
0763,SHETULIM
2062,תאשור
2062,Te'ashur
2062,te'ashur
2062,TE'ASHUR
2061,תדהר
2061,Tidhar
2061,tidhar
2061,TIDHAR
1172,תובל
1172,Tuval
1172,tuval
1172,TUVAL
3558,תומר
3558,Tomer
3558,tomer
3558,TOMER
1083,תושייה
1083,Tushiyya
1083,tushiyya
1083,TUSHIYYA
0163,תימורים
0163,Timmorim
0163,timmorim
0163,TIMMORIM
0010,תירוש
0010,Tirosh
0010,tirosh
0010,TIROSH
5000,תל אביב -יפו
5000,Tel Aviv - Yafo
5000,tel aviv - yafo
5000,TEL AVIV - YAFO
1707,תל חי (מכללה)
0084,תל יוסף
0084,Tel Yosef
0084,tel yosef
0084,TEL YOSEF
0287,תל יצחק
0287,Tel Yizhaq
0287,tel yizhaq
0287,TEL YIZHAQ
0154,תל מונד
0154,Tel Mond
0154,tel mond
0154,TEL MOND
0103,תל עדשים
0103,Tel Adashim
0103,tel adashim
0103,TEL ADASHIM
0719,תל קציר
0719,Tel Qazir
0719,tel qazir
0719,TEL QAZIR
1054,תל שבע
1054,Tel Sheva
1054,tel sheva
1054,TEL SHEVA
1283,תל תאומים
1283,Tel Te'omim
1283,tel te'omim
1283,TEL TE'OMIM
3719,תלם
3719,Telem
3719,telem
3719,TELEM
1051,תלמי אליהו
1051,Talme Eliyyahu
1051,talme eliyyahu
1051,TALME ELIYYAHU
2003,תלמי אלעזר
2003,Talme El'azar
2003,talme el'azar
2003,TALME EL'AZAR
2050,"תלמי ביל""ו"
2050,Talme Bilu
2050,talme bilu
2050,TALME BILU
1237,תלמי יוסף
1237,Talme Yosef
1237,talme yosef
1237,TALME YOSEF
0727,תלמי יחיאל
0727,Talme Yehi'el
0727,talme yehi'el
0727,TALME YEHI'EL
0744,תלמי יפה
0744,Talme Yafe
0744,talme yafe
0744,TALME YAFE
0814,תלמים
0814,Telamim
0814,telamim
0814,TELAMIM
1244,תמרת
1244,Timrat
1244,timrat
1244,TIMRAT
2002,תנובות
2002,Tenuvot
2002,tenuvot
2002,TENUVOT
0752,תעוז
0752,Ta'oz
0752,ta'oz
0752,TA'OZ
1744,תעשיון בינימין*
1709,תעשיון דלתון
1741,תעשיון השרון
1750,תעשיון חבל יבנה
1742,תעשיון חצב*
1754,תעשיון מבצע*
1794,תעשיון מיתרים
1749,תעשיון צריפין
1755,תעשיון ראם*
1792,"תעשיון שח""ק"
1714,תעשיות גליל תחתון
0709,תפרח
0709,Tifrah
0709,tifrah
0709,TIFRAH
0665,תקומה
0665,Tequma
0665,tequma
0665,TEQUMA
3563,תקוע
3563,Teqoa
3563,teqoa
3563,TEQOA
0970,תראבין א-צאנע (שבט)
0970,Tarabin as-Sani'
0970,tarabin as-sani'
0970,TARABIN AS-SANI'
1346,תרבין א-צאנע (יישוב)*
1346,Tarabin As-Sani
1346,tarabin as-sani
1346,TARABIN AS-SANI
0778,תרום
0778,Tarum
0778,tarum
0778,TARUM
5000,תל אביב יפו
6400,הרצליה
9500,קרית ביאליק
8200,קרית מוצקין
9100,נהריה
1200,מודיעין מכבים רעות
2620,קרית אונו
6800,קרית אתא
0240,יוקנעם עילית
7800,פרדס חנה כרכור
1061,נצרת עילית
9400,יהוד מונוסון
2630,קרית גת
2800,קרית שמונה
2730,טייבה במשולש
9600,קרית ים
1063,מעלות תרשיחא
9800,בנימינה גבעת עדה
1247,קציר חריש
2710,אם אל פחם
1359,א סייד
1034,קרית מלאכי
0195,קדימה צורן
3652,בית אריה
0958,אבו עבדון
5000,תל אביב
7900,פתח תקוה
0966,אבו רביעה
0492,דיר חנא
1286,שגב שלום
1042,אבו עמאר
0587,סביון
7500,סחנין
0480,בית גן
6000,באקה אל גרביה
0696,כפר חבד
2710,אום אל פחם
1192,ערערה בנגב
0935,אבו סריחאן
3650,אפרתה
1061,נצרת עלית
0049,אילניה
0932,אבו עמרה
4003,אל רום
0326,בית יצחק שער חפר
0241,יוקנעם
1327,מוצמוץ
1063,תרשיחא
0536,פקיעין
0627,גלגוליה
1287,שני ליבנה
1359,א סייד שבט
0256,ניר דוד
0696,כפר חב``ד
0496,כפר חורפש
6000,באקה אל גרבי
1342,אבו קורינאת
0482,בועיינה נוג`יידאת
3000,י-ם
1295,יאנוח-גת
5000,ת&quotא
1342,אבו קרינאת
0536,פקיעין בקיעה
0998,ביר אל מכסור
2300,קרית טבעון
0516,מגד אל כרום
0472,אבו ג'וש
4201,מגדל שמס
0516,שגור
3797,מודיעין עילי
0962,טובא-זנגריה
5000,תל אביב-יפו
0494,עיר כרמל
6000,באקה ג`ת
0518,מעליא
1222,מצפה אבי``ב
3791,צופין
0097,מרחביה מושב
2018,גבעת חיים איחוד
0505,כאוכב אל-היגא
0505,כאוכב אבו אל-היג'א
0480,בית גאן
0447,נורדיה
0057,כינרת קבוצה
1292,גדיידה-מכר
0199,אשדות יעקב איחוד
0188,אשדות יעקב מאוחד
0541,גסאר א-זרקא
2015,שדה חמד
1326,בסמ&quotה
1326,בסמה
3796,כפר הארנים
0472,מ. מ. אבו גוש
0473,מ. מ. אבו סנאן
0182,מ. מ. אבן יהודה
2710,עירית אום-אל-פחם
0031,עירית אופקים
2400,עירית אור יהודה
1020,עירית אור עקיבא
3760,מ. מ. אורנית
0565,מ. מ. אזור
2600,עירית אילת
0478,מ. מ. איכסאל
65,אל-בטוף
65,אל בטוף
65,מ. א. אל-בטוף
69,אל קסום
69,מ .א. אל קסום
45,אלונה
45,מ. א. אלונה
0041,מ. מ. אליכין
1309,עיריית אלעד
3750,מ. מ. אלפי מנשה
3560,מ. מ. אלקנה
0529,מ. מ. איעבלין
3650,מ. מ. אפרתה
3570,עירית אריאל
0070,עירית אשדוד
38,אשכול
38,מ. א. אשכול
7100,עירית אשקלון
6000,מ. מ. באקה אל-גרבייה
33,מ. א. באר-טוביה
2530,מ. מ. באר יעקב
9000,עירית באר שבע
66,בוסתן אל-מרג'
66,בוסתאן אל מרג
66,מ. א. בוסתאן אל-מרג'
0482,בעיינה-נג'יידאת
0482,מ. מ. בועיינה-נוג'יידאת
4001,בוקעאתה
4001,מ. מ. בוקעאתא
0998,מ. מ. ביר אל-מכסור
3574,מ. מ. בית אל
3652,מ. מ. בית אריה
0480,מ. מ. בית-ג'ן
0466,מ. מ. בית דגן
9200,עירית בית שאן
2610,עירית בית-שמש
3780,עירית ביתר עילית
6100,עירית בני ברק
1066,"מ. מ. בני עי""ש"
41,בני שמעון
41,מ. א. בני שמעון
9800,בנימינה-גבעת עדה
1326,"מ. מ. בסמ""ה"
0944,מ. מ. בסמת טבעון
0483,מ. מ. ביענה
28,ברנר
28,מ. א. ברנר
6200,עירית בת-ים
1292,מ. מ. ג'דיידה מכר
0485,ג'וליס
0485,מ. מ. ג'וליס
0627,מ. מ. ג'לג'וליה
0541,מ. מ. ג'יסר אל זרקא
0487,גוש חלב
0487,מ. מ. גוש חלב
0628,מ. מ. ג'ת
3730,מ. מ. גבעת זאב
0681,עיריית גבעת שמואל
6300,עירית גבעתיים
2550,מ. מ. גדרה
32,גדרות
32,מ. א. גדרות
71,גולן
71,מ. א. גולן
76,גוש עציון
76,מ. א. גוש עציון
30,מ. א. גזר
0166,מ. מ. גן יבנה
27,גן רווה
27,גן רוה
27,מ. א. גן רוה
0229,גני תקוה
0229,מ. מ. גני תקוה
0494,מ. מ. דלית אל כרמל
0489,דבוריה
0489,מ. מ. דבורייה
0490,מ. מ. דיר אל-אסד
0492,מ. מ. דייר-חנא
2200,עירית דימונה
20,דרום השרון
20,מ. א. דרום השרון
08,הגלבוע
08,מ. א. הגלבוע
01,הגליל העליון
01,מ. א. הגליל העליון
03,הגליל התחתון
03,מ. א. הגליל התחתון
9700,עירית הוד השרון
54,הערבה התיכונה
54,מ. א. הערבה התיכונה
3769,הר-אדר
3769,מ. מ. הר-אדר
78,הר חברון
78,מ. א. הר חברון
6400,עירית הרצליה
12,זבולון
12,מ. א. זבולון
9300,מ. מ. זכרון יעקב
1290,מ. מ. זמר
0975,מ. מ. זרזיר
53,חבל אילות
53,מ. א. חבל אילות
29,חבל יבנה
29,מ. א. חבל יבנה
25,חבל מודיעין
25,מ. א. חבל מודיעין
6500,עירית חדרה
6600,עירית חולון
36,חוף אשקלון
36,מ. א. חוף אשקלון
15,חוף הכרמל
15,מ. א. חוף הכרמל
19,חוף השרון
19,מ. א. חוף השרון
1303,מ. מ. חורה
0496,מ. מ. חורפיש
4000,עירית חיפה
2034,מ. מ. חצור הגלילית
1247,מ. מ. חריש
6700,עירית טבריה
0962,מ. מ. טובא-זנגריה
0498,מ. מ. טורעאן
2730,עירית טייבה
2720,עירית אל-טירה
2100,עירית טירת כרמל
8900,עירית טמרה
1295,ינוח-ג'ת
1295,מ. מ. ינוח ג'ת
0046,מ. מ. יבנאל
2660,עירית יבנה
9400,יהוד
9400,יהוד נווה אפרים
35,יואב
35,מ. א. יואב
0029,מ. מ. יסוד המעלה
0499,מ. מ. יפיע
0240,עירית יקנעם עילית
0831,מ. מ. ירוחם
3000,עירית ירושלים
0502,מ. מ. ירכא
0504,מ. מ. כאבול
0505,מ. מ. כאוכב אבו אלהיג'א
1224,מ. מ. כוכב יאיר
1059,מ. מ. כסיפה
1296,מ. מ. כסרא סמיע
0978,מ. מ. כעבייה-טבאש-חג'אג'רה
0633,מ. מ. כפר-ברא
1263,מ. מ. כפר ורדים
0507,מ. מ. כפר יסיף
0168,עיריית כפר יונה
0508,כפר קמא
0508,מ. מ. כפר קמה
0509,מ. מ. כפר-כנא
0510,מ. מ. כפר מנדא
6900,עירית כפר סבא
0634,עיריית כפר קאסם
0654,מ. מ. כפר קרע
0267,מ. מ. כפר שמריהו
0047,מ. מ. כפר תבור
1139,עירית כרמיאל
18,לב השרון
18,מ. א. לב השרון
1271,מ. מ. להבים
7000,עירית לוד
50,מ. א. לכיש
1060,מ. מ. לקיה
55,מבואות החרמון
55,מ. א. מבואות החרמון
1015,מ. מ. מבשרת ציון
0516,מ. מ. מג'ד אל-כרום
4201,מ. מ. מג'דל שמס
0481,מג'אר
0481,מ. מ. מג'אר
0065,מ. מ. מגדל
0874,עירית מגדל העמק
13,מ. א. מגידו
74,מגילות ים המלח
74,מ. א. מגילות ים המלח
1200,מודיעין-מכבים-רעות
3797,עיריית מודיעין עילית
0028,מ. מ. מזכרת בתיה
0517,מ. מ. מזרעה
04,מטה אשר
04,מ. א. מטה אשר
73,מטה בנימין
73,מ. א. מטה בנימין
26,מטה יהודה
26,מ. א. מטה יהודה
0043,מ. מ. מטולה
1268,מ. מ. מיתר
14,מנשה
14,מ. א. מנשה
4203,מ. מ. מסעדה
0518,מ. מ. מעיליא
3616,עירית מעלה אדומים
3608,מ. מ. מעלה אפרים
52,מעלה יוסף
52,מ. א. מעלה יוסף
1327,מ. מ. מעלה עירון
1063,עירית מעלות תרשיחא
0099,מ. מ. מצפה רמון
02,מרום הגליל
02,מ. א. מרום הגליל
42,מרחבים
42,מ. א. מרחבים
56,משגב
56,מ. א. משגב
0520,מ. מ. משהד
9100,עירית נהריה
68,נווה מדבר
68,מ. א. נווה מדבר
1061,עירית נצרת עילית
31,נחל שורק
31,מ. א. נחל שורק
0522,מ. מ. נחף
7200,עירית נס ציונה
7300,עירית נצרת
2500,עירית נשר
0246,עירית נתיבות
7400,עירית נתניה
0525,מ. מ. סאג'ור
0587,מ. מ. סביון
7500,עירית סח'נין
4501,עג'ר
4501,מ. מ. אל עג'ר
0666,מ. מ. עומר
0530,עילבון
0530,מ. מ. עילבון
0511,מ. מ. עילוט
0532,עין מאה'ל
0532,מ. מ. עין מאה'ל
4502,עין קניה
4502,מ. מ. עין קיניה
7600,עירית עכו
3660,מ. מ. עימנואל
06,עמק הירדן
06,מ. א. עמק הירדן
07,עמק המעיינות
07,מ. א. עמק המעיינות
16,עמק חפר
16,מ. א. עמק חפר
09,עמק יזרעאל
09,מ. א. עמק יזרעאל
0534,מ. מ. עוספייא
7700,עירית עפולה
0531,עירית עראבה
75,ערבות הירדן
75,בקעת הירדן
75,מ. א. ערבות הירדן
2560,עירית ערד
0637,מ. מ. ערערה
1192,מ. מ. ערערה-בנגב
0537,מ. מ. פוריידיס
0535,מ. מ. פסוטה
0536,פקיעין - בוקייעה
0536,מ. מ. פקיעין
7800,מ. מ. פרדס-חנה-כרכור
0171,פרדסיה
0171,מ. מ. פרדסיה
7900,עירית פתח תקוה
8000,עירית צפת
3557,מ. מ. קדומים
0195,צורן קדימה
0195,מ. מ. קדימה-צורן
0638,עירית קלנסווה
4100,מ. מ. קצרין
2620,עירית קרית אונו
3611,קרית ארבע
3611,מ. מ. קרית ארבע
6800,עירית קרית אתא
9500,עירית קרית ביאליק
2630,עירית קרית גת
2300,מ. מ. קרית טבעון
9600,עירית קרית ים
1137,קרית יערים
1137,מ. מ. קרית יערים
8200,עירית קרית מוצקין
1034,עירית קרית מלאכי
0469,קרית עקרון
0469,מ. מ. קרית עקרון
2800,עירית קרית שמונה
3640,מ. מ. קרני שומרון
0543,מ. מ. ראמה
2640,עירית ראש העין
0026,מ. מ. ראש פינה
8300,עירית ראשון לציון
1161,עירית רהט
8400,עירית רחובות
0542,מ. מ. ריינה
0922,מ. מ. רכסים
8500,עירית רמלה
8600,עירית רמת גן
2650,עירית רמת השרון
0122,מ. מ. רמת ישי
48,רמת נגב
48,מ. א. רמת נגב
8700,עירית רעננה
0913,שבלי-אום אל-גנם
0913,מ. מ. שבלי
1286,מ. מ. שגב-שלום
40,שדות דן
40,מ. א. שדות דן
39,שדות נגב
39,שדות נגב עזתה
39,מ. א. שדות נגב
1031,עירית שדרות
1304,מ. מ. שהם
72,שומרון
72,מ. א. שומרון
0812,מ. מ. שלומי
0538,מ. מ. שעב
37,שער הנגב
37,מ. א. שער הנגב
34,מ. א. שפיר
8800,עירית שפרעם
5000,עירית תל-אביב-יפו
0154,מ. מ. תל מונד
1054,מ. מ. תל שבע
51,תמר
51,מ. א. תמר
1224,צור יגאל
1316,אל-עריאן
3641,שבות רחל
5000,תל אביב - יפו
5000,tel aviv
9800,בנימינה
0026,א. תעשיה צחר
0046,יבניאל
0046,Yavneel
0139,ד.נ. חפר
0155,א. תעשיה באר טוביה
0162,חרות
0177,"כפר ביל""ו א'"
0182,הדסים
0188,אשדות יעקב  (מאוחד)
0190,כפר ןיתקין
0195,קדימה
0195,צורן
0199,אשדות יעקב  (איחוד)
0207,גבעת חן
0212,בית צבי סיטרין
0224,שושנת העמקים (רסקו)
0254,מועצה אזורית זבולון
0278,קיבוץ אושה
0290,מעין צבי
03,מ.א. גליל תחתון
0300,דליה
0308,קיבוץ מחניים
0319,קיבוץ עמיר
0320,Kfar warburg
0368,ביריה
04,ד.נ. גליל מערבי
04,מ.א. מטה אשר
0406,Hatzor-Ashdod
0416,מעין ברוך
0430,"בית לחם הגלילית,"
0440,מושב יסודות
0473,"אבו סנאן, מרכז הכפר"
0480,בית ג'אן
0481,"מגאר, ת.ד 1361"
0487,"גוש חלב, ת.ד. 743"
0490,דייר אל אסד
0494,דלית אל כרמל
0494,דאלית אל כרמל
0500,כאוכב אבו אל היג'א
0509,"כפר כנא, אלעין 1"
0516,מג'ד אל כרום
0516,מגד אל-כרום
0529,ibillin
0534,עוספיא
0540,ריחאניה
0541,גסאר א זרקא
0594,צפריה
0596,מלכיה
0606,מושב מזור
0610,סתריה
0613,מושב ציפורי
0614,מושב שומרה
0636,סנדלה
0637,עארה
0638,קלאנסווה
0654,Gare
0654,Kfar Qari
0684,מושב היוגב
0714,קיבוץ ארז
0726,הודיה
0768,כרמיה
0769,ימין אורד
08,מ.א. גלבוע
0801,חמד
0841,מושב אלישמע
09,ד.נ. עמק יזרעאל
09,מכללת עמק יזרעאל
0948,חוג'ייראת (ד'הרה)
0964,קודייראת א-צאנע(שבט)
1015,מבשרת ירושלים
1063,מעלות
1083,תושיה
1104,פוריה כפר עבודה
1105,פוריה - נווה עובד
1108,"חבל התענ""ך"
1114,שריגים לי-און
1127,מעלה גלבע
1137,קרית יערים טלסטון
1181,טלאל
1200,מודיעין
1200,מכבים-רעות
1203,הררית - יחד
1224,כוכב יאיר צור יגאל
1246,עראמשה
1252,כרוזים
1260,כפר רתמים
1265,שומריה
1282,קיבוץ מירב
1292,אל מכר-גודיידה
13,מ.א. מגידו
1313,פוריה עילית
1313,Poriya
1326,בסמ''ה
1326,כפר מועאויה
1366,נוה
1366,מושב נווה
14,מ.א. מנשה
1413,מחנה יהודית
16,מ.א. עמק חפר
1701,א.ת. הר טוב
1707,ד.נ. גליל עליון
1707,מכללת תל חי
1711,צמח
1712,"ביה""ח פוריה"
1714,א.ת. קדמת גליל
1714,א.ת קדמת גליל
1724,פארק תעשיות משגב
1746,קריית שדה התעופה
1748,"נתב""ג"
1751,מרכז למחקר גרעיני
1772,עין בוקק
1794,מיתרים
2030,מושב מנוחה
2039,קרית יערים(מוסד)
2100,טירת הכרמל
2530,צריפין
26,אבן העזר
2610,רמת בית שמש ג'
2610,רמת בית שמש
2650,כפר הירוק
2650,Ramat Hasharon
2730,Taybe
2730,טייבה משולש
3000,כפר עקב
35,מ.א. יואב
35,בית חטיבת גבעתי
3573,נוה צוף
3573,חלמיש
3574,בית אל ב`
3574,בית אל ב'
3579,אילן מורה
36,ד.נ חוף אשקלון
3611,חברון
3617,עופרה
3640,מעלה שומרון
3660,עימנואל
37,מ.א. שער הנגב
3745,יתיר
3756,סוסיא
3763,אדם
3764,בית חג'י
3780,ביתר עלית
3788,נריה
3794,בית עין ב'
3797,קרית ספר
38,מ.א. אשכול
38,מועצה אזורית אשכול
4000,קריית חיים תאי דואר
4002,צומת אליעד
4100,אוהלו
42,מ.א. מרחבים
42,מועצה אזורית מרחבים
48,מ.א. רמת הנגב
48,מ.א. רמת הנגב ד.נ. חלוצה
5000,תל  אביב
55,צומת כח
6100,בני -ברק
6100,בני ברק ברק
6400,Herzliya
6700,טבריא
6800,קר אתא
69,אלקסום
7000,גני איילון
72,חוות גלעד
7200,נס-ציונה
73,"אז""ת שער בנימין"
74,מ.א מגילות ים המלח
7400,מכון וינגייט
75,מ א בקעת הירדן
7500,סכנין
76,"גוש עציון פארק התעשייה,"
7800,פרדס-חנה כרכור
7800,Pardes Hana - Karkur
7800,פרדס חנה
7900,"פ""ת"
7900,פתח-תקווה
8300,"ראל""צ"
8300,ראש לציון
8600,תל השומר
8600,אפעל-מרכז סמינריוני
8600,רמת אפעל
9000,Beer Sheva
9300,Zichron Yaakov
9800,גבעת עדה
